config,el,Unnamed: 0,electrode,stim_unit,pad_id,stim_unit_offset,imp_voltage_uV,imp_kOhm,imp_stim_ratio
el_config_pad-13091,0,0,5033,,267.0,767,12.335644010986549,0.0,0.0011553689237648363
el_config_pad-13091,1,1,4812,,267.0,767,11.090971721619534,0.0,0.001038791655312123
el_config_pad-13091,2,2,4813,,267.0,767,20.317905710593926,0.0,0.0019029956468504582
el_config_pad-13091,3,3,5032,,267.0,767,14.550081750025466,0.0,0.0013627754073678772
el_config_pad-13091,4,4,12433,,1.0,767,17.632782511778064,0.0,0.00165150428591066
el_config_pad-13091,5,5,13094,,0.0,767,20.412207543923856,0.0,0.0019118280521619613
el_config_pad-13091,6,6,13093,,0.0,767,31.841340863911594,0.0,0.002982292265600543
el_config_pad-13091,7,7,13091,16.0,,767,10676.800939729399,53.38400469864699,1.0
el_config_pad-13091,8,8,12214,,1.0,767,13.049562922523915,0.0,0.0012222352927799976
el_config_pad-13091,9,9,12434,,1.0,767,14.172581806133822,0.0,0.001327418379919053
el_config_pad-13091,10,10,12874,,0.0,767,15.20141208762486,0.0,0.0014237796670966254
el_config_pad-220,0,0,220,5.0,,767,19573.659409165015,97.86829704582506,1.0
el_config_pad-220,1,1,5033,,267.0,767,16.80986790058675,0.0,0.0008588004700192049
el_config_pad-220,2,2,4139,,234.0,767,40.80681223769764,0.0,0.002084781970743324
el_config_pad-220,3,3,4812,,267.0,767,18.66128196349626,0.0,0.0009533874874086371
el_config_pad-220,4,4,4813,,267.0,767,27.068187971884342,0.0,0.001382888473026671
el_config_pad-220,5,5,5032,,267.0,767,17.851301597345625,0.0,0.0009120063460891259
el_config_pad-220,6,6,3918,,234.0,767,26.40295866781425,0.0,0.0013489025284383735
el_config_pad-220,7,7,3919,,234.0,767,17.707572516274983,0.0,0.0009046633614143572
el_config_pad-220,8,8,4138,,234.0,767,27.25357068623038,0.0,0.0013923595029690455
el_config_pad-220,9,9,12433,,1.0,767,17.930856449473648,0.0,0.0009160707292719033
el_config_pad-220,10,10,12214,,1.0,767,18.009722418022076,0.0,0.0009200999180352217
el_config_pad-220,11,11,10893,,3.0,767,48.87739492612662,0.0,0.002497100511682586
el_config_pad-220,12,12,10894,,3.0,767,18.317756858806202,0.0,0.0009358371102661182
el_config_pad-220,13,13,10674,,3.0,767,16.472838591076517,0.0,0.0008415819569928455
el_config_pad-220,14,14,12434,,1.0,767,19.685874208852706,0.0,0.0010057329494368922
el_config_pad-220,15,15,12874,,0.0,767,47.023009079199305,0.0,0.0024023616686199016
el_config_pad-220,16,16,13094,,0.0,767,15.52188267886085,0.0,0.0007929985065333776
el_config_pad-220,17,17,13093,,0.0,767,18.540135158048408,0.0,0.000947198210129646
el_config_pad-4811,0,0,5033,,267.0,1023,11.468772435177971,0.0,0.003508480527021686
el_config_pad-4811,1,1,4139,,234.0,1023,41.01083498461558,0.0,0.012545868945754407
el_config_pad-4811,2,2,4812,,267.0,1023,15.75304936094947,0.0,0.004819109214738287
el_config_pad-4811,3,3,4813,,267.0,1023,24.503955654321043,0.0,0.007496151112431957
el_config_pad-4811,4,4,5032,,267.0,1023,14.633506853581789,0.0,0.0044766232940808524
el_config_pad-4811,5,5,4811,20.0,,1023,3268.8716231563917,16.344358115781958,1.0
el_config_pad-4811,6,6,3918,,234.0,1023,19.40507657246327,0.0,0.005936322624296242
el_config_pad-4811,7,7,3919,,234.0,1023,15.602794563310647,0.0,0.00477314387410685
el_config_pad-4811,8,8,4138,,234.0,1023,16.972974733494052,0.0,0.005192303855941919
el_config_pad-4811,9,9,12433,,1.0,1023,11.09387879373641,0.0,0.003393794578884155
el_config_pad-4811,10,10,12214,,1.0,1023,11.194431664381145,0.0,0.003424555306816212
el_config_pad-4811,11,11,12434,,1.0,1023,13.696735222724545,0.0,0.004190049901531191
el_config_pad-4811,12,12,13094,,0.0,1023,13.11573493736645,0.0,0.0040123126416026144
el_config_pad-4811,13,13,12874,,0.0,1023,12.862440176008588,0.0,0.0039348257315742294
el_config_pad-4811,14,14,13093,,0.0,1023,11.456096692773867,0.0,0.003504602815118193
el_config_pad0000,0,0,5033,,267.0,767,11.79445277589631,0.0,0.0011059700315085282
el_config_pad0000,1,1,4139,,234.0,767,27.882682853733215,0.0,0.002614569087707603
el_config_pad0000,2,2,4812,,267.0,767,14.857814005634314,0.0,0.0013932225035095341
el_config_pad0000,3,3,4813,,267.0,767,25.1486063886013,0.0,0.002358193765194272
el_config_pad0000,4,4,5032,,267.0,767,15.650377582774706,0.0,0.0014675414720142733
el_config_pad0000,5,5,3918,,234.0,767,29.003289202860365,0.0,0.0027196487436103862
el_config_pad0000,6,6,3919,,234.0,767,19.161206008083848,0.0,0.001796753102086285
el_config_pad0000,7,7,4138,,234.0,767,18.403384461858952,0.0,0.0017256919061765413
el_config_pad0000,8,8,12433,,1.0,767,12.691178017464246,0.0,0.0011900562763318718
el_config_pad0000,9,9,12214,,1.0,767,13.607120179060608,0.0,0.001275944498580804
el_config_pad0000,10,10,12434,,1.0,767,19.280401813207405,0.0,0.001807930135124867
el_config_pad0000,11,11,13094,17.0,0.0,767,10664.3511486553,53.3217557432765,1.0
el_config_pad0000,12,12,12874,,0.0,767,12.414877192831097,0.0,0.0011641474497392677
el_config_pad0000,13,13,13093,,0.0,767,12.151282278790022,0.0,0.0011394300609017562
el_config_pad0001,0,0,5033,,267.0,767,14.204370569509722,0.0,0.0013024351785962225
el_config_pad0001,1,1,4812,,267.0,767,13.859453902506608,0.0,0.0012708088845206997
el_config_pad0001,2,2,4813,,267.0,767,23.87533211267767,0.0,0.0021891904531812544
el_config_pad0001,3,3,5032,,267.0,767,11.586122798267516,0.0,0.0010623613233796511
el_config_pad0001,4,4,12433,18.0,1.0,767,10906.009606419979,54.53004803209989,1.0
el_config_pad0001,5,5,13094,,0.0,767,21.485394032151156,0.0,0.0019700508992311423
el_config_pad0001,6,6,13093,,0.0,767,31.477607896798343,0.0,0.002886262623340126
el_config_pad0001,7,7,12214,,1.0,767,13.485539198935216,0.0,0.001236523686078248
el_config_pad0001,8,8,12434,,1.0,767,14.893813877397271,0.0,0.0013656520042518406
el_config_pad0001,9,9,12874,,0.0,767,13.08634028832672,0.0,0.0011999201138263493
el_config_pad0002,0,0,5459,,232.0,767,12.103407810992948,0.0,0.0011040516925294296
el_config_pad0002,1,1,5678,,232.0,767,12.270333717012827,0.0,0.0011192783817351646
el_config_pad0002,2,2,4139,,234.0,767,44.29665804816798,0.0,0.0040406636754863725
el_config_pad0002,3,3,1950,,264.0,767,12.79165313784191,0.0,0.0011668322275530387
el_config_pad0002,4,4,1730,,264.0,767,15.339112812545293,0.0,0.0013992070437558156
el_config_pad0002,5,5,1949,,264.0,767,11.025946378549959,0.0,0.0010057675450644954
el_config_pad0002,6,6,3918,,234.0,767,20.28248304788527,0.0,0.0018501326310246921
el_config_pad0002,7,7,3919,,234.0,767,15.335834527774036,0.0,0.0013989080043524656
el_config_pad0002,8,8,5458,,232.0,767,13.188840957163283,0.0,0.0012030630057786183
el_config_pad0002,9,9,1729,,264.0,767,13.474581723093555,0.0,0.001229127778706739
el_config_pad0002,10,10,4138,,234.0,767,19.283371921021846,0.0,0.0017589954614056795
el_config_pad0002,11,11,5679,,232.0,767,13.202945265405763,0.0,0.001204349576109077
el_config_pad0002,12,12,10894,,3.0,767,14.371400074610412,0.0,0.0013109339802613413
el_config_pad0002,13,13,10674,,3.0,767,15.124433048042366,0.0,0.0013796243310973191
el_config_pad0002,14,14,11554,16.0,2.0,767,10962.718406113327,54.81359203056663,1.0
el_config_pad0002,15,15,10893,,3.0,767,53.838755457694795,0.0,0.004911077112741652
el_config_pad0002,16,16,11553,,2.0,767,14.512211169211112,0.0,0.001323778522042345
el_config_pad0003,0,0,5033,,267.0,383,24.564937782156154,0.0,0.0005807353259763386
el_config_pad0003,1,1,4139,,234.0,383,45.26203333904684,0.0,0.0010700316816839954
el_config_pad0003,2,2,4812,,267.0,383,22.860312918755508,0.0,0.000540436592696687
el_config_pad0003,3,3,4813,,267.0,383,30.958863930352614,0.0,0.0007318929970793665
el_config_pad0003,4,4,1950,,264.0,383,18.14773126424793,0.0,0.00042902728779266476
el_config_pad0003,5,5,1730,,264.0,383,22.38437712789939,0.0,0.000529185079295851
el_config_pad0003,6,6,1949,,264.0,383,24.13318827921404,0.0,0.0005705284127508818
el_config_pad0003,7,7,5032,,267.0,383,24.29050200224746,0.0,0.0005742474385036247
el_config_pad0003,8,8,3918,,234.0,383,31.64952782602623,0.0,0.0007482208594232906
el_config_pad0003,9,9,3919,,234.0,383,26.980599390712896,0.0,0.000637843552511834
el_config_pad0003,10,10,1729,,264.0,383,22.436341724367395,0.0,0.0005304135650806183
el_config_pad0003,11,11,4138,,234.0,383,27.481170162280332,0.0,0.0006496774571110798
el_config_pad0003,12,12,10894,0.0,3.0,383,42299.71328308178,211.4985664154089,1.0
el_config_pad0003,13,13,10674,,3.0,383,52.66637308750162,0.0,0.0012450763610392154
el_config_pad0003,14,14,11554,,2.0,383,34.84383112427181,0.0,0.0008237368156868328
el_config_pad0003,15,15,10893,,3.0,383,50.42991694844638,0.0,0.0011922046991419293
el_config_pad0003,16,16,11553,,2.0,383,47.76970587206667,0.0,0.0011293151221233614
el_config_pad0004,0,0,6998,,230.0,767,11.347050956652685,0.0,0.0009220418071655071
el_config_pad0004,1,1,5459,,232.0,767,13.156143263900612,0.0,0.001069045530571378
el_config_pad0004,2,2,7219,,230.0,767,12.28668913524196,0.0,0.000998395186345514
el_config_pad0004,3,3,5678,,232.0,767,13.76721601244095,0.0,0.0011187002490992252
el_config_pad0004,4,4,6999,,230.0,767,11.950104868717748,0.0,0.0009710449288596682
el_config_pad0004,5,5,3490,,262.0,767,12.322069240611356,0.0,0.0010012701127397924
el_config_pad0004,6,6,3269,,262.0,767,36.50344949354735,0.0,0.002966207402027394
el_config_pad0004,7,7,5458,,232.0,767,11.772144293354097,0.0,0.0009565841591725178
el_config_pad0004,8,8,3489,,262.0,767,14.223735034389765,0.0,0.0011557961981357744
el_config_pad0004,9,9,5679,,232.0,767,44.08071075050301,0.0,0.0035819225944080553
el_config_pad0004,10,10,7218,,230.0,767,11.299832010208608,0.0,0.0009182048769465393
el_config_pad0004,11,11,3270,,262.0,767,18.40757981316113,0.0,0.0014957682151343053
el_config_pad0004,12,12,9354,,5.0,767,20.36849577014337,0.0,0.0016551088666906058
el_config_pad0004,13,13,10013,,4.0,767,51.602492199992334,0.0,0.00419312959323844
el_config_pad0004,14,14,9353,,5.0,767,37.10624438821681,0.0,0.0030151894764143343
el_config_pad0004,15,15,9134,,5.0,767,143.63631175954413,0.0,0.011671639175261702
el_config_pad0004,16,16,10014,17.0,4.0,767,12306.43867606741,61.53219338033705,1.0
el_config_pad0005,0,0,5459,,232.0,767,13.34297858628095,0.0,0.0012460692896129907
el_config_pad0005,1,1,5678,,232.0,767,14.960833214443944,0.0,0.001397156916275671
el_config_pad0005,2,2,3490,,262.0,767,15.808155682498706,0.0,0.0014762863624495338
el_config_pad0005,3,3,3269,,262.0,767,37.759293263215376,0.0,0.0035262513110198793
el_config_pad0005,4,4,1950,,264.0,767,12.793973011201532,0.0,0.0011947989542445325
el_config_pad0005,5,5,1730,,264.0,767,13.21231818999617,0.0,0.0012338672234756347
el_config_pad0005,6,6,1949,,264.0,767,17.128899439740902,0.0,0.001599627505861073
el_config_pad0005,7,7,3489,,262.0,767,15.976529733353829,0.0,0.0014920104178080594
el_config_pad0005,8,8,5679,,232.0,767,37.939827835343706,0.0,0.003543111008769363
el_config_pad0005,9,9,1729,,264.0,767,13.1492970977,0.0,0.0012279818323539802
el_config_pad0005,10,10,3270,,262.0,767,18.648284777601514,0.0,0.001741519317824482
el_config_pad0005,11,11,5458,,232.0,767,15.747642114764927,0.0,0.00147063514313067
el_config_pad0005,12,12,9354,16.0,5.0,767,10708.05507968587,53.540275398429344,1.0
el_config_pad0005,13,13,10013,,4.0,767,43.76230572381754,0.0,0.00408685848159658
el_config_pad0005,14,14,9353,,5.0,767,31.62177073960911,0.0,0.0029530825630135595
el_config_pad0005,15,15,9134,,5.0,767,11.27074137632531,0.0,0.00105254794567754
el_config_pad0005,16,16,10014,,4.0,767,14.281534492264512,0.0,0.0013337188113047578
el_config_pad0006,0,0,4810,,260.0,767,11.822193651505362,0.0,0.0009522049012157565
el_config_pad0006,1,1,6998,,230.0,767,11.757698851938851,0.0,0.0009470102422497076
el_config_pad0006,2,2,8539,,228.0,767,11.622426148356945,0.0,0.0009361148589436665
el_config_pad0006,3,3,7219,,230.0,767,16.504383667137954,0.0,0.0013293264754966117
el_config_pad0006,4,4,8758,,228.0,767,15.64935341471821,0.0,0.0012604590536761143
el_config_pad0006,5,5,5029,,260.0,767,28.638599992907352,0.0,0.002306662881785188
el_config_pad0006,6,6,4809,,260.0,767,13.202892672771595,0.0,0.0010634117054611006
el_config_pad0006,7,7,7218,,230.0,767,14.738273034227198,0.0,0.001187077139178834
el_config_pad0006,8,8,5030,,260.0,767,31.995101108014907,0.0,0.002577008378311088
el_config_pad0006,9,9,8759,,228.0,767,10.482382060852652,0.0,0.0008442913277341768
el_config_pad0006,10,10,6999,,230.0,767,10.01558160773386,0.0,0.0008066934256483105
el_config_pad0006,11,11,8474,,6.0,767,14.41291388537327,0.0,0.0011608714631996852
el_config_pad0006,12,12,7814,,7.0,767,55.01459856836919,0.0,0.004431087151795056
el_config_pad0006,13,13,8473,17.0,6.0,767,12415.59840367448,62.0779920183724,1.0
el_config_pad0006,14,14,7813,,7.0,767,12.017623980729693,0.0,0.0009679456108352375
el_config_pad0007,0,0,4810,,260.0,767,12.943870099514994,0.0,0.0010529054909259523
el_config_pad0007,1,1,6998,,230.0,767,12.519266636308231,0.0,0.0010183665690703223
el_config_pad0007,2,2,7219,,230.0,767,15.35669835992481,0.0,0.0012491744664730724
el_config_pad0007,3,3,3490,,262.0,767,15.07009391741083,0.0,0.0012258609297234996
el_config_pad0007,4,4,5029,,260.0,767,23.336980952470448,0.0,0.0018983221553970319
el_config_pad0007,5,5,3269,,262.0,767,28.42821403181078,0.0,0.002312463152147466
el_config_pad0007,6,6,4809,,260.0,767,15.829764758646753,0.0,0.0012876555548150797
el_config_pad0007,7,7,7218,,230.0,767,13.399619166940145,0.0,0.0010899779191786358
el_config_pad0007,8,8,3270,,262.0,767,8.04850235616277,0.0,0.0006546969537999131
el_config_pad0007,9,9,5030,,260.0,767,31.095846624643652,0.0,0.002529458917955716
el_config_pad0007,10,10,3489,,262.0,767,14.627380526755523,0.0,0.0011898488748787214
el_config_pad0007,11,11,6999,,230.0,767,12.84783220427048,0.0,0.0010450933894089794
el_config_pad0007,12,12,8474,,6.0,767,14.644334292889537,0.0,0.0011912279611425002
el_config_pad0007,13,13,7814,17.0,7.0,767,12293.477630296922,61.467388151484606,1.0
el_config_pad0007,14,14,8473,,6.0,767,36.47829526923487,0.0,0.0029672885383819434
el_config_pad0007,15,15,7813,,7.0,767,16.718378959655762,0.0,0.0013599389418055146
el_config_pad0008,0,0,4810,,260.0,767,16.477218172868845,0.0,0.0014252904742259273
el_config_pad0008,1,1,8539,,228.0,767,12.268334647186887,0.0,0.001061219213328344
el_config_pad0008,2,2,8758,,228.0,767,14.163702606448982,0.0,0.0012251698188946083
el_config_pad0008,3,3,5029,,260.0,767,22.17614508980456,0.0,0.0019182514924512494
el_config_pad0008,4,4,4809,,260.0,767,14.575686144298565,0.0,0.001260806672511184
el_config_pad0008,5,5,1726,,257.0,767,13.083337962793568,0.0,0.0011317175492737558
el_config_pad0008,6,6,1946,,257.0,767,10.159170022014287,0.0,0.0008787750521056248
el_config_pad0008,7,7,1945,,257.0,767,11.6236011309362,0.0,0.001005449329754223
el_config_pad0008,8,8,5030,,260.0,767,32.77703684423791,0.0,0.002835235772041167
el_config_pad0008,9,9,8759,,228.0,767,14.417589052309472,0.0,0.001247131167529044
el_config_pad0008,10,10,1947,,257.0,767,16.074830102618968,0.0,0.0013904836350221075
el_config_pad0008,11,11,7153,18.0,8.0,767,11560.603589817432,57.80301794908716,1.0
el_config_pad0008,12,12,6934,,8.0,767,19.81733559569125,0.0,0.00171421288185561
el_config_pad0008,13,13,4734,,11.0,767,42.177642126842,0.0,0.0036483944630704254
el_config_pad0008,14,14,7154,,8.0,767,18.447757513904545,0.0,0.0015957434549657347
el_config_pad0010,0,0,3486,,255.0,767,16.204435495017197,0.0,0.0013082792279769252
el_config_pad0010,1,1,1726,,257.0,767,12.86482112421997,0.0,0.0010386525500151575
el_config_pad0010,2,2,3487,,255.0,767,12.237203167757714,0.0,0.0009879812670940474
el_config_pad0010,3,3,1946,,257.0,767,11.149269023961214,0.0,0.0009001459554490666
el_config_pad0010,4,4,1945,,257.0,767,10.685994592403363,0.0,0.0008627430902985758
el_config_pad0010,5,5,3485,,255.0,767,46.04070930844564,0.0,0.003717136807887264
el_config_pad0010,6,6,2595,,225.0,767,25.904701032447576,0.0,0.0020914386235870294
el_config_pad0010,7,7,2594,,225.0,767,28.155869083347884,0.0,0.0022731886389197944
el_config_pad0010,8,8,3266,,255.0,767,8.729642034648068,0.0,0.0007047952608479416
el_config_pad0010,9,9,1947,,257.0,767,18.89241682811974,0.0,0.0015252957444960677
el_config_pad0010,10,10,5614,,10.0,767,16.58539036250301,0.0,0.001339035951349464
el_config_pad0010,11,11,5394,,10.0,767,12.431113179191136,0.0,0.0010036367609329486
el_config_pad0010,12,12,4734,,11.0,767,44.01498446410921,0.0,0.003553588146395349
el_config_pad0010,13,13,5613,17.0,10.0,767,12386.06801093612,61.9303400546806,1.0
el_config_pad0011,0,0,3486,,255.0,767,17.749778933976486,0.0,0.0014383136245223564
el_config_pad0011,1,1,1726,,257.0,767,17.863999191489338,0.0,0.001447569207546138
el_config_pad0011,2,2,3487,,255.0,767,11.137680924496905,0.0,0.0009025170555010292
el_config_pad0011,3,3,1946,,257.0,767,14.105112603999135,0.0,0.0011429762426460226
el_config_pad0011,4,4,1945,,257.0,767,10.32789908030394,0.0,0.0008368981954731961
el_config_pad0011,5,5,3485,,255.0,767,52.43397568107452,0.0,0.00424886990933739
el_config_pad0011,6,6,3266,,255.0,767,13.372723616895106,0.0,0.001083628739642172
el_config_pad0011,7,7,1947,,257.0,767,17.05590155877137,0.0,0.001382086823827113
el_config_pad0011,8,8,6934,,8.0,767,13.353226582035376,0.0,0.0010820488410428234
el_config_pad0011,9,9,5394,,10.0,767,12.837743469734413,0.0,0.0010402778203224227
el_config_pad0011,10,10,7153,,8.0,767,22.36467167178823,0.0,0.0018122711326802833
el_config_pad0011,11,11,5614,,10.0,767,12.650020377524276,0.0,0.0010250660995360604
el_config_pad0011,12,12,4734,17.0,11.0,767,12340.687476885256,61.70343738442627,1.0
el_config_pad0011,13,13,7154,,8.0,767,14.376868694289945,0.0,0.0011649973894257157
el_config_pad0011,14,14,5613,,10.0,767,10.73480719593569,0.0,0.0008698710842521974
el_config_pad0012,0,0,4806,,253.0,767,34.50437614398377,0.0,0.0029991508424562227
el_config_pad0012,1,1,4135,,223.0,767,35.21458433223262,0.0,0.0030608827653061665
el_config_pad0012,2,2,5025,,253.0,767,14.526860753901,0.0,0.0012626875642237352
el_config_pad0012,3,3,3915,,223.0,767,12.107237520799373,0.0,0.0010523717762291535
el_config_pad0012,4,4,4805,,253.0,767,34.32128394027902,0.0,0.002983236306436303
el_config_pad0012,5,5,4807,,253.0,767,19.10051457898083,0.0,0.0016602335933230913
el_config_pad0012,6,6,2595,,225.0,767,26.854202589408324,0.0,0.002334191001843605
el_config_pad0012,7,7,2594,,225.0,767,26.199941008077055,0.0,0.0022773220074688563
el_config_pad0012,8,8,4134,,223.0,767,12.65261053738835,0.0,0.0010997760804058257
el_config_pad0012,9,9,5026,,253.0,767,20.970968103861544,0.0,0.0018228150653518019
el_config_pad0012,10,10,4075,18.0,12.0,767,11504.715153215044,57.52357576607521,1.0
el_config_pad0012,11,11,4073,,12.0,767,24.32601223938186,0.0,0.0021144384641790847
el_config_pad0012,12,12,3854,,12.0,767,12.55512022954382,0.0,0.001091302136762181
el_config_pad0012,13,13,3194,,13.0,767,18.75878845216308,0.0,0.0016305304566294155
el_config_pad0012,14,14,3414,,13.0,767,18.3117132102487,0.0,0.001591670281826266
el_config_pad0013,0,0,4806,,253.0,767,27.215122541215415,0.0,0.002211599637987786
el_config_pad0013,1,1,3486,,255.0,767,20.193690075710276,0.0,0.0016410125507773624
el_config_pad0013,2,2,5025,,253.0,767,11.977612374835923,0.0,0.0009733442556442055
el_config_pad0013,3,3,3487,,255.0,767,14.069204989473313,0.0,0.0011433146631757013
el_config_pad0013,4,4,4805,,253.0,767,36.32909407348431,0.0,0.002952234044864747
el_config_pad0013,5,5,4807,,253.0,767,18.36783383835696,0.0,0.0014926368457834581
el_config_pad0013,6,6,3266,,255.0,767,12.94679607397185,0.0,0.0010521036407951112
el_config_pad0013,7,7,3485,,255.0,767,43.06857992395922,0.0,0.0034999091267814814
el_config_pad0013,8,8,2595,,225.0,767,25.274387475242364,0.0,0.0020538884624148645
el_config_pad0013,9,9,2594,,225.0,767,33.59381582729646,0.0,0.0027299554065854737
el_config_pad0013,10,10,5026,,253.0,767,20.05723522125934,0.0,0.0016299237340267364
el_config_pad0013,11,11,4075,,12.0,767,56.78721096367155,0.0,0.004614734878352792
el_config_pad0013,12,12,4073,,12.0,767,22.068638190643675,0.0,0.0017933776399278079
el_config_pad0013,13,13,3854,,12.0,767,15.136928607440812,0.0,0.001230081759792363
el_config_pad0013,14,14,3194,,13.0,767,16.08928409445279,0.0,0.0013074736233462249
el_config_pad0013,15,15,3414,17.0,13.0,767,12305.628050281726,61.52814025140863,1.0
el_config_pad0015,0,0,6566,,251.0,767,15.81988811204338,0.0,0.00131890286065981
el_config_pad0015,1,1,6347,,251.0,767,12.650842399199593,0.0,0.0010546997622163084
el_config_pad0015,2,2,4806,,253.0,767,27.714653407261906,0.0,0.0023105685326058546
el_config_pad0015,3,3,5455,,221.0,767,41.63556909644558,0.0,0.003471154207765656
el_config_pad0015,4,4,5674,,221.0,767,15.539169358147333,0.0,0.0012954993596405774
el_config_pad0015,5,5,4807,,253.0,767,13.406498715646705,0.0,0.0011176987714620838
el_config_pad0015,6,6,4135,,223.0,767,36.85164031492839,0.0,0.0030723184315295084
el_config_pad0015,7,7,5025,,253.0,767,12.861192124949534,0.0,0.001072236602746767
el_config_pad0015,8,8,4805,,253.0,767,29.631567195032613,0.0,0.0024703814883248226
el_config_pad0015,9,9,5026,,253.0,767,17.83674552064585,0.0,0.0014870481083953924
el_config_pad0015,10,10,3915,,223.0,767,23.553811492812095,0.0,0.0019636794607708033
el_config_pad0015,11,11,5675,,221.0,767,15.635719938956708,0.0,0.0013035487741703115
el_config_pad0015,12,12,5454,,221.0,767,31.614888010210258,0.0,0.002635730792834289
el_config_pad0015,13,13,6567,,251.0,767,16.12101035437129,0.0,0.001344007398947425
el_config_pad0015,14,14,4134,,223.0,767,19.142302721330953,0.0,0.001595892312257223
el_config_pad0015,15,15,6346,,251.0,767,20.480526318794706,0.0,0.0017074599111174041
el_config_pad0015,16,16,1654,,15.0,767,23.24309521437614,0.0,0.0019377750684274227
el_config_pad0015,17,17,1873,,15.0,767,31.914001360997748,0.0,0.0026606678499879887
el_config_pad0015,18,18,1874,17.0,15.0,767,11994.733337775258,59.97366668887629,1.0
el_config_pad0016,0,0,7215,,219.0,767,20.35286829780095,0.0,0.0017747074307570153
el_config_pad0016,1,1,6994,,219.0,767,12.475046255008737,0.0,0.0010877856115343496
el_config_pad0016,2,2,5455,,221.0,767,40.21094005330603,0.0,0.0035062701269499975
el_config_pad0016,3,3,5674,,221.0,767,13.037921188438203,0.0,0.0011368665721305552
el_config_pad0016,4,4,1723,,248.0,767,32.739374695369975,0.0,0.002854772639416582
el_config_pad0016,5,5,1722,,248.0,767,15.253609217111558,0.0,0.001330067744131989
el_config_pad0016,6,6,7214,,219.0,767,14.334038105852862,0.0,0.0012498839754178455
el_config_pad0016,7,7,5675,,221.0,767,15.968883501915577,0.0,0.0013924374587932025
el_config_pad0016,8,8,1942,,248.0,767,40.51450326978968,0.0,0.0035327399044828393
el_config_pad0016,9,9,5454,,221.0,767,34.56305952174697,0.0,0.00301379233950867
el_config_pad0016,10,10,6995,,219.0,767,13.0914571367746,0.0,0.00114153474194009
el_config_pad0016,11,11,1943,,248.0,767,17.553786298056586,0.0,0.0015306361012736298
el_config_pad0016,12,12,12219,,18.0,767,15.217251511720344,0.0,0.0013268974641999936
el_config_pad0016,13,13,12439,,18.0,767,12.921904842377597,0.0,0.001126750304072884
el_config_pad0016,14,14,12438,,18.0,767,13.763097222072586,0.0,0.0012000996887933744
el_config_pad0016,15,15,994,17.0,16.0,767,11468.294967987638,57.341474839938186,1.0
el_config_pad0016,16,16,995,,16.0,767,14.000843362011198,0.0,0.001220830419961543
el_config_pad0016,17,17,12218,,18.0,767,14.666248392470266,0.0,0.001278851689236223
el_config_pad0017,0,0,7215,,219.0,767,26.848995646544378,0.0,0.002176414185912059
el_config_pad0017,1,1,6994,,219.0,767,14.075716624501672,0.0,0.0011409957281730385
el_config_pad0017,2,2,8535,,217.0,767,37.085286470069235,0.0,0.0030061811110040334
el_config_pad0017,3,3,3482,,246.0,767,14.428975355696293,0.0,0.0011696313361484981
el_config_pad0017,4,4,3483,,246.0,767,15.563443021911167,0.0,0.0012615927470970816
el_config_pad0017,5,5,3263,,246.0,767,14.973850228965333,0.0,0.0012137995955255449
el_config_pad0017,6,6,8755,,217.0,767,53.42247462435956,0.0,0.004330494635613966
el_config_pad0017,7,7,7214,,219.0,767,12.715057131512605,0.0,0.0010306989162653477
el_config_pad0017,8,8,3262,,246.0,767,43.09437421323618,0.0,0.0034932855070413603
el_config_pad0017,9,9,6995,,219.0,767,11.034974289319406,0.0,0.0008945092360481158
el_config_pad0017,10,10,8534,,217.0,767,9.20382453577646,0.0,0.0007460738773253706
el_config_pad0017,11,11,13099,,17.0,767,10.874679813996789,0.0,0.0008815155593159146
el_config_pad0017,12,12,12879,17.0,17.0,767,12336.34471799443,61.68172358997215,1.0
el_config_pad0017,13,13,10679,,20.0,767,15.534327278938186,0.0,0.0012592325874518579
el_config_pad0017,14,14,13098,,17.0,767,13.452177642029502,0.0,0.001090450854733936
el_config_pad0017,15,15,10898,,20.0,767,11.72268505575651,0.0,0.0009502559569900147
el_config_pad0018,0,0,6347,,251.0,767,37.617817984282865,0.0,0.00307334707275033
el_config_pad0018,1,1,5455,,221.0,767,28.846270865572716,0.0,0.002356718355155844
el_config_pad0018,2,2,6566,,251.0,767,25.907183648592493,0.0,0.0021165971684714356
el_config_pad0018,3,3,5674,,221.0,767,11.745684161800224,0.0,0.0009596134483717531
el_config_pad0018,4,4,1722,,248.0,767,16.024085708330414,0.0,0.0013091555955152385
el_config_pad0018,5,5,1723,,248.0,767,40.53333611448279,0.0,0.0033115426829992876
el_config_pad0018,6,6,5675,,221.0,767,37.186528643297706,0.0,0.003038111062140173
el_config_pad0018,7,7,1942,,248.0,767,40.65895857291308,0.0,0.003321805942156151
el_config_pad0018,8,8,5454,,221.0,767,35.3180167805786,0.0,0.0028854550663541777
el_config_pad0018,9,9,6567,,251.0,767,12.111725603592227,0.0,0.0009895187553224855
el_config_pad0018,10,10,1943,,248.0,767,14.478657136045632,0.0,0.0011828952584387866
el_config_pad0018,11,11,6346,,251.0,767,24.2795875952686,0.0,0.0019836238107877728
el_config_pad0018,12,12,12219,,18.0,767,13.570280167594204,0.0,0.0011086815521012623
el_config_pad0018,13,13,12439,,18.0,767,12.798021985757146,0.0,0.0010455886469373302
el_config_pad0018,14,14,12438,,18.0,767,12.506091821271701,0.0,0.0010217381748859283
el_config_pad0018,15,15,994,,16.0,767,30.234134907060824,0.0,0.0024701057900959845
el_config_pad0018,16,16,995,,16.0,767,14.044680721588058,0.0,0.0011474397159728965
el_config_pad0018,17,17,12218,17.0,18.0,767,12240.01620832846,61.2000810416423,1.0
el_config_pad0019,0,0,10074,,215.0,1023,11.626249343968565,0.0,0.001691032658524598
el_config_pad0019,1,1,10295,,215.0,1023,23.44617138701123,0.0,0.0034102349226983997
el_config_pad0019,2,2,8535,,217.0,1023,33.9150903652807,0.0,0.004932934407970122
el_config_pad0019,3,3,5023,,244.0,1023,14.025264523445628,0.0,0.0020399683209871055
el_config_pad0019,4,4,4802,,244.0,1023,34.051728389579424,0.0,0.00495280834621533
el_config_pad0019,5,5,8755,,217.0,1023,50.928970936220765,0.0,0.00740759556846059
el_config_pad0019,6,6,5022,,244.0,1023,13.353537077137366,0.0,0.0019422658706329087
el_config_pad0019,7,7,4803,,244.0,1023,17.970702344661454,0.0,0.002613830450592584
el_config_pad0019,8,8,10294,,215.0,1023,13.4398011371303,0.0,0.0019548129387706357
el_config_pad0019,9,9,8534,,217.0,1023,11.102730256299045,0.0,0.00161488704626234
el_config_pad0019,10,10,10075,,215.0,1023,14.853361971009969,0.0,0.0021604147166253192
el_config_pad0019,11,11,9359,,22.0,1023,14.611440232991583,0.0,0.0021252273102922224
el_config_pad0019,12,12,11559,31.0,19.0,1023,6875.236433406498,34.37618216703249,1.0
el_config_pad0019,13,13,9358,,22.0,1023,31.578841797115086,0.0,0.004593128120463576
el_config_pad0019,14,14,9139,,22.0,1023,25.652483218805678,0.0,0.003731141971228988
el_config_pad0020,0,0,7215,,219.0,767,23.23367428976175,0.0,0.0021273493216014713
el_config_pad0020,1,1,6994,,219.0,767,12.621575328238901,0.0,0.0011556716934739396
el_config_pad0020,2,2,1722,,248.0,767,14.302961782813298,0.0,0.0013096248000243297
el_config_pad0020,3,3,3482,,246.0,767,11.650242818008644,0.0,0.0010667333907794594
el_config_pad0020,4,4,1723,,248.0,767,39.15025562573538,0.0,0.0035847222745406925
el_config_pad0020,5,5,3483,,246.0,767,13.801257720657999,0.0,0.0012636871759120255
el_config_pad0020,6,6,3263,,246.0,767,12.720077027208973,0.0,0.0011646908232020737
el_config_pad0020,7,7,3262,,246.0,767,12.752549455875785,0.0,0.0011676641023413762
el_config_pad0020,8,8,7214,,219.0,767,13.506674843688431,0.0,0.0012367142281268027
el_config_pad0020,9,9,1942,,248.0,767,33.88091688714058,0.0,0.0031022448131183405
el_config_pad0020,10,10,6995,,219.0,767,12.819505550238828,0.0,0.00117379481589722
el_config_pad0020,11,11,1943,,248.0,767,18.886326515675332,0.0,0.001729292293572813
el_config_pad0020,12,12,13098,,17.0,767,15.336381424057649,0.0,0.0014042479984609014
el_config_pad0020,13,13,10679,16.0,20.0,767,10921.41946498538,54.60709732492689,1.0
el_config_pad0020,14,14,10898,,20.0,767,21.341237136767205,0.0,0.001954071739959104
el_config_pad0020,15,15,12879,,17.0,767,11.284022544942115,0.0,0.001033201094520658
el_config_pad0020,16,16,13099,,17.0,767,17.215832993343685,0.0,0.0015763365786414954
el_config_pad0021,0,0,10074,,215.0,767,16.836936122665936,0.0,0.0013596197891909472
el_config_pad0021,1,1,10295,,215.0,767,21.983312686011622,0.0,0.0017752010664005078
el_config_pad0021,2,2,6343,,242.0,767,15.043025896896133,0.0,0.0012147575752335523
el_config_pad0021,3,3,6562,,242.0,767,37.722971299455764,0.0,0.003046213272542914
el_config_pad0021,4,4,1051,,214.0,767,13.277414051794956,0.0,0.0010721805180338249
el_config_pad0021,5,5,6563,,242.0,767,11.233106819928654,0.0,0.0009070981926403201
el_config_pad0021,6,6,6342,,242.0,767,17.790505030745592,0.0,0.001436622585206605
el_config_pad0021,7,7,10294,,215.0,767,10.046715560543028,0.0,0.000811294477389991
el_config_pad0021,8,8,1050,,214.0,767,11.392010364521301,0.0,0.0009199300049265178
el_config_pad0021,9,9,10075,,215.0,767,11.366449299045232,0.0,0.0009178658924181093
el_config_pad0021,10,10,7818,,24.0,767,40.84405592774264,0.0,0.0032982477515860406
el_config_pad0021,11,11,7819,,24.0,767,14.500197202114666,0.0,0.0011709229588764813
el_config_pad0021,12,12,10019,,21.0,767,41.20277462064084,0.0,0.003327215078542905
el_config_pad0021,13,13,7599,,24.0,767,16.192361504846698,0.0,0.0013075689647646762
el_config_pad0021,14,14,10018,17.0,21.0,767,12383.562122676141,61.9178106133807,1.0
el_config_pad0022,0,0,8535,,217.0,767,37.80928312458759,0.0,0.0032988267249420395
el_config_pad0022,1,1,3482,,246.0,767,13.110154581290894,0.0,0.001143849465708574
el_config_pad0022,2,2,5023,,244.0,767,14.201356166089836,0.0,0.0012390558450089252
el_config_pad0022,3,3,4802,,244.0,767,35.17788342926233,0.0,0.0030692394140602233
el_config_pad0022,4,4,3483,,246.0,767,14.916832090633724,0.0,0.0013014804906484804
el_config_pad0022,5,5,3263,,246.0,767,14.482134821195258,0.0,0.0012635535359120545
el_config_pad0022,6,6,8755,,217.0,767,49.15768648487054,0.0,0.004288964944885658
el_config_pad0022,7,7,5022,,244.0,767,12.509971748106864,0.0,0.0010914840409679137
el_config_pad0022,8,8,3262,,246.0,767,42.526864717135105,0.0,0.0037104315729712795
el_config_pad0022,9,9,4803,,244.0,767,20.93748499790569,0.0,0.0018267771657180208
el_config_pad0022,10,10,8534,,217.0,767,8.86396915383461,0.0,0.00077337351880962
el_config_pad0022,11,11,9359,18.0,22.0,767,11461.43349655684,57.307167482784195,1.0
el_config_pad0022,12,12,11559,,19.0,767,11.06207198918469,0.0,0.0009651560594499699
el_config_pad0022,13,13,9358,,22.0,767,34.08503103590033,0.0,0.002973889003163514
el_config_pad0022,14,14,9139,,22.0,767,20.933879049134255,0.0,0.001826462549856705
el_config_pad0023,0,0,7882,,240.0,767,13.106638130804688,0.0,0.0011501776130794976
el_config_pad0023,1,1,1051,,214.0,767,20.105547381607863,0.0,0.0017643693421796414
el_config_pad0023,2,2,7662,,240.0,767,14.163329349412349,0.0,0.0012429079205352055
el_config_pad0023,3,3,7883,,240.0,767,14.998134393549112,0.0,0.001316166529147832
el_config_pad0023,4,4,2591,,212.0,767,10.68754497144571,0.0,0.000937889246827211
el_config_pad0023,5,5,1050,,214.0,767,11.808320991803278,0.0,0.0010362433384734767
el_config_pad0023,6,6,2590,,212.0,767,11.09008344228011,0.0,0.0009732141511189384
el_config_pad0023,7,7,8479,18.0,23.0,767,11395.316672624882,56.97658336312441,1.0
el_config_pad0023,8,8,6279,,26.0,767,16.59765783341635,0.0,0.0014565332680301127
el_config_pad0023,9,9,6278,,26.0,767,14.389543390009656,0.0,0.0012627594127838364
el_config_pad0023,10,10,8478,,23.0,767,22.790684577198455,0.0,0.0020000044958775752
el_config_pad0024,0,0,10074,,215.0,767,14.861720980844744,0.0,0.0012037121754389746
el_config_pad0024,1,1,10295,,215.0,767,23.010821433861977,0.0,0.0018637414847508058
el_config_pad0024,2,2,6343,,242.0,767,11.988956083066169,0.0,0.0009710350790860851
el_config_pad0024,3,3,6562,,242.0,767,42.76460727206873,0.0,0.003463682201920152
el_config_pad0024,4,4,5023,,244.0,767,12.74665614515336,0.0,0.001032404337144473
el_config_pad0024,5,5,4802,,244.0,767,29.509061322176958,0.0,0.0023900607772856155
el_config_pad0024,6,6,5022,,244.0,767,11.959317673954027,0.0,0.0009686345418969595
el_config_pad0024,7,7,6563,,242.0,767,11.057376677703852,0.0,0.0008955826147269351
el_config_pad0024,8,8,6342,,242.0,767,18.393715260561994,0.0,0.001489782982686414
el_config_pad0024,9,9,10294,,215.0,767,12.640281254117474,0.0,0.0010237885952888745
el_config_pad0024,10,10,10075,,215.0,767,11.292930881692726,0.0,0.0009146611227733919
el_config_pad0024,11,11,4803,,244.0,767,15.675999126728781,0.0,0.001269663926225967
el_config_pad0024,12,12,7818,,24.0,767,44.53868302398744,0.0,0.003607371925707055
el_config_pad0024,13,13,7819,,24.0,767,12.329095362556979,0.0,0.0009985843644343864
el_config_pad0024,14,14,10019,,21.0,767,42.15430206769299,0.0,0.0034142510622703283
el_config_pad0024,15,15,7599,17.0,24.0,767,12346.573611274565,61.73286805637283,1.0
el_config_pad0024,16,16,10018,,21.0,767,17.790126968128884,0.0,0.0014408958734821304
el_config_pad0025,0,0,4131,,210.0,767,9.646705407110037,0.0,0.0007785684402806204
el_config_pad0025,1,1,1939,,237.0,767,43.1195643699084,0.0,0.0034801033679659936
el_config_pad0025,2,2,1719,,237.0,767,39.3522245164718,0.0,0.0031760480672272237
el_config_pad0025,3,3,1718,,237.0,767,49.52043593557381,0.0,0.003996706330428558
el_config_pad0025,4,4,1938,,237.0,767,16.5176553819512,0.0,0.001333110595285731
el_config_pad0025,5,5,3911,,210.0,767,10.37061110450281,0.0,0.0008369935819164313
el_config_pad0025,6,6,2591,,212.0,767,12.997058187179453,0.0,0.0010489694557864868
el_config_pad0025,7,7,2590,,212.0,767,13.706500830371237,0.0,0.0011062273100349727
el_config_pad0025,8,8,3910,,210.0,767,16.70317200600094,0.0,0.0013480833121395158
el_config_pad0025,9,9,4130,,210.0,767,40.74306624313338,0.0,0.0032883004298842186
el_config_pad0025,10,10,4959,,28.0,767,29.25891871277693,0.0,0.0023614353030532373
el_config_pad0025,11,11,4739,,28.0,767,17.111374958625827,0.0,0.0013810286466066448
el_config_pad0025,12,12,7158,,25.0,767,16.797014899038484,0.0,0.0013556572051714115
el_config_pad0025,13,13,6938,,25.0,767,14.360980795237664,0.0,0.0011590492242467827
el_config_pad0025,14,14,4738,,28.0,767,12.654902398572707,0.0,0.0010213546704866063
el_config_pad0025,15,15,6939,17.0,25.0,767,12390.311381788173,61.95155690894086,1.0
el_config_pad0026,0,0,6343,,242.0,767,22.458999766386484,0.0,0.0021122151388282655
el_config_pad0026,1,1,7882,,240.0,767,15.36722480651305,0.0,0.0014452506886203404
el_config_pad0026,2,2,6562,,242.0,767,35.58228837099489,0.0,0.003346429001876281
el_config_pad0026,3,3,1051,,214.0,767,9.777956569510062,0.0,0.0009195933972017407
el_config_pad0026,4,4,7662,,240.0,767,12.42042512871141,0.0,0.0011681112364946712
el_config_pad0026,5,5,6563,,242.0,767,15.219981891906848,0.0,0.0014314028451477253
el_config_pad0026,6,6,6342,,242.0,767,19.809002794126947,0.0,0.0018629892703177268
el_config_pad0026,7,7,7883,,240.0,767,17.631560234673717,0.0,0.0016582060125659918
el_config_pad0026,8,8,1050,,214.0,767,19.871613092258404,0.0,0.0018688776189056163
el_config_pad0026,9,9,8479,,23.0,767,58.35965658291263,0.0,0.005488585930515809
el_config_pad0026,10,10,6279,,26.0,767,15.526602860902015,0.0,0.0014602398129259207
el_config_pad0026,11,11,6278,16.0,26.0,767,10632.912980088493,53.164564900442464,1.0
el_config_pad0026,12,12,8478,,23.0,767,22.750694826651525,0.0,0.002139648360637875
el_config_pad0027,0,0,3478,,235.0,767,14.072697480713751,0.0,0.0011447386599135237
el_config_pad0027,1,1,4131,,210.0,767,11.706344358391407,0.0,0.00095224849192392
el_config_pad0027,2,2,3259,,235.0,767,12.175160786601952,0.0,0.0009903842004837522
el_config_pad0027,3,3,3479,,235.0,767,50.50279380678156,0.0,0.004108132117775898
el_config_pad0027,4,4,3258,,235.0,767,16.038055896577045,0.0,0.0013046100536039254
el_config_pad0027,5,5,5450,,208.0,767,10.996049644312036,0.0,0.0008944698165666751
el_config_pad0027,6,6,5451,,208.0,767,34.59803329930699,0.0,0.002814364931028376
el_config_pad0027,7,7,4130,,210.0,767,10.907954577854417,0.0,0.0008873037541639343
el_config_pad0027,8,8,3911,,210.0,767,12.535313631341728,0.0,0.001019680707810544
el_config_pad0027,9,9,3910,,210.0,767,16.173603586524315,0.0,0.00131563613308565
el_config_pad0027,10,10,5671,,208.0,767,21.377098342051976,0.0,0.001738912596000681
el_config_pad0027,11,11,5399,,27.0,767,11.69561452337872,0.0,0.0009513756772435541
el_config_pad0027,12,12,3419,,30.0,767,36.726739492924004,0.0,0.0029875237926304493
el_config_pad0027,13,13,3199,,30.0,767,37.51252249273927,0.0,0.003051443036217126
el_config_pad0027,14,14,5619,,27.0,767,23.011858911000555,0.0,0.0018718916233365795
el_config_pad0027,15,15,3198,,30.0,767,10.418612063738886,0.0,0.0008474983583174717
el_config_pad0027,16,16,5618,17.0,27.0,767,12293.371381182178,61.46685690591089,1.0
el_config_pad0028,0,0,7882,,240.0,767,12.70563043022989,0.0,0.0010357858694308652
el_config_pad0028,1,1,1719,,237.0,767,43.66592450634046,0.0,0.0035597247871850804
el_config_pad0028,2,2,1718,,237.0,767,51.94796452642962,0.0,0.004234891601612411
el_config_pad0028,3,3,1938,,237.0,767,12.006180577551136,0.0,0.0009787654580661184
el_config_pad0028,4,4,7662,,240.0,767,12.819147753842934,0.0,0.0010450400060421623
el_config_pad0028,5,5,1939,,237.0,767,13.204153874396326,0.0,0.0010764263982014047
el_config_pad0028,6,6,7883,,240.0,767,13.232137782170636,0.0,0.0010787076967487892
el_config_pad0028,7,7,2591,,212.0,767,12.930589907159096,0.0,0.0010541249710344692
el_config_pad0028,8,8,2590,,212.0,767,12.296750936982143,0.0,0.0010024532769450623
el_config_pad0028,9,9,4959,,28.0,767,34.510170648048465,0.0,0.002813331247527058
el_config_pad0028,10,10,4739,17.0,28.0,767,12266.65742911831,61.33328714559155,1.0
el_config_pad0028,11,11,6939,,25.0,767,16.943363075641976,0.0,0.0013812534648128519
el_config_pad0028,12,12,6938,,25.0,767,12.392815087011794,0.0,0.0010102845994210301
el_config_pad0028,13,13,4738,,28.0,767,13.373475503716906,0.0,0.0010902298022908226
el_config_pad0028,14,14,7158,,25.0,767,22.777493031682333,0.0,0.0018568622433046548
el_config_pad0029,0,0,5019,,233.0,767,11.395491506559582,0.0,0.0009236151423361004
el_config_pad0029,1,1,6990,,206.0,767,41.026563358960615,0.0,0.003325240963457808
el_config_pad0029,2,2,4799,,233.0,767,41.939153959524724,0.0,0.0033992072769730626
el_config_pad0029,3,3,4798,,233.0,767,18.96505109618616,0.0,0.0015371349588152853
el_config_pad0029,4,4,7210,,206.0,767,50.05886952544009,0.0,0.00405731774494407
el_config_pad0029,5,5,6991,,206.0,767,11.504410308744394,0.0,0.0009324431121454847
el_config_pad0029,6,6,5450,,208.0,767,14.094222121068867,0.0,0.0011423497584965336
el_config_pad0029,7,7,7211,,206.0,767,13.983453334724373,0.0,0.0011333718457573528
el_config_pad0029,8,8,5451,,208.0,767,15.874195188197028,0.0,0.0012866182243897037
el_config_pad0029,9,9,5018,,233.0,767,11.244391361928443,0.0,0.0009113683356485468
el_config_pad0029,10,10,4079,,29.0,767,24.470697807804246,0.0,0.001983372724713868
el_config_pad0029,11,11,5671,,208.0,767,42.18184270448896,0.0,0.0034188774245568223
el_config_pad0029,12,12,4078,17.0,29.0,767,12337.921915980023,61.689609579900115,1.0
el_config_pad0029,13,13,1879,,32.0,767,12.952738144012676,0.0,0.0010498314247909403
el_config_pad0029,14,14,1658,,32.0,767,39.52999942360899,0.0,0.003203943070219135
el_config_pad0029,15,15,1659,,32.0,767,38.64179607783234,0.0,0.0031319533662945015
el_config_pad0029,16,16,1878,,32.0,767,13.338616828093897,0.0,0.0010811072495780492
el_config_pad0030,0,0,1718,,237.0,767,13.27617605452829,0.0,0.0012662111769496192
el_config_pad0030,1,1,3478,,235.0,767,12.048648019892916,0.0,0.0011491360710538848
el_config_pad0030,2,2,4131,,210.0,767,15.373927609036532,0.0,0.001466283581373315
el_config_pad0030,3,3,1939,,237.0,767,39.19081536816903,0.0,0.00373781187061154
el_config_pad0030,4,4,3259,,235.0,767,14.205887649650832,0.0,0.001354882132219325
el_config_pad0030,5,5,1719,,237.0,767,35.535604207754034,0.0,0.003389197238927003
el_config_pad0030,6,6,3479,,235.0,767,45.85187122791845,0.0,0.004373108008991964
el_config_pad0030,7,7,1938,,237.0,767,12.09282090703131,0.0,0.0011533490464756511
el_config_pad0030,8,8,4130,,210.0,767,11.537540614167773,0.0,0.0011003893606236505
el_config_pad0030,9,9,3911,,210.0,767,12.803327738254412,0.0,0.001221113415319411
el_config_pad0030,10,10,3258,,235.0,767,20.964395868171017,0.0,0.001999472759117288
el_config_pad0030,11,11,3910,,210.0,767,20.23288569133315,0.0,0.0019297052026944
el_config_pad0030,12,12,3199,18.0,30.0,767,10484.961984391433,52.42480992195717,1.0
el_config_pad0030,13,13,5399,,27.0,767,15.444816173626133,0.0,0.001473044556252874
el_config_pad0030,14,14,5618,,27.0,767,18.43836599506541,0.0,0.0017585534427796599
el_config_pad0030,15,15,3419,,30.0,767,41.7212370104615,0.0,0.003979150050574368
el_config_pad0030,16,16,5619,,27.0,767,21.971684930513508,0.0,0.0020955426412820497
el_config_pad0030,17,17,3198,,30.0,767,14.71429265342984,0.0,0.0014033711019014138
el_config_pad0031,0,0,6339,,231.0,767,11.513117576760838,0.0,0.0009383235286701612
el_config_pad0031,1,1,8750,,204.0,767,11.203692075707464,0.0,0.0009131052308396076
el_config_pad0031,2,2,8531,,204.0,767,11.629656261464977,0.0,0.0009478214764787452
el_config_pad0031,3,3,6338,,231.0,767,11.383316800123088,0.0,0.0009277447152474004
el_config_pad0031,4,4,8751,,204.0,767,14.12607568539813,0.0,0.00115128062360271
el_config_pad0031,5,5,6991,,206.0,767,13.618657373318843,0.0,0.0011099258352121923
el_config_pad0031,6,6,6559,,231.0,767,31.697719557312308,0.0,0.0025833763850245015
el_config_pad0031,7,7,7211,,206.0,767,12.753982331731361,0.0,0.0010394544854004715
el_config_pad0031,8,8,8530,,204.0,767,13.780803906250393,0.0,0.0011231408402642617
el_config_pad0031,9,9,7210,,206.0,767,13.219668371572924,0.0,0.0010774080774873427
el_config_pad0031,10,10,6990,,206.0,767,19.66501287493293,0.0,0.0016027061435902267
el_config_pad0031,11,11,12223,,35.0,767,17.545586341985384,0.0,0.0014299720626696336
el_config_pad0031,12,12,12443,,35.0,767,11.244925052760728,0.0,0.0009164657343929015
el_config_pad0031,13,13,12224,,35.0,767,10.377094460413721,0.0,0.0008457372059756611
el_config_pad0031,14,14,2538,,31.0,767,34.6655142552484,0.0,0.002825252799016572
el_config_pad0031,15,15,2539,17.0,31.0,767,12269.880510273255,61.34940255136627,1.0
el_config_pad0031,16,16,12444,,35.0,767,18.072634167416876,0.0,0.0014729266639789298
el_config_pad0032,0,0,5019,,233.0,767,11.031360794418964,0.0,0.0010077349903883038
el_config_pad0032,1,1,3478,,235.0,767,10.359381067297205,0.0,0.0009463484129322585
el_config_pad0032,2,2,4798,,233.0,767,20.67109790521657,0.0,0.0018883426113093875
el_config_pad0032,3,3,3259,,235.0,767,19.07384136867961,0.0,0.001742430304524075
el_config_pad0032,4,4,3479,,235.0,767,53.575932827781166,0.0,0.004894259480712797
el_config_pad0032,5,5,3258,,235.0,767,14.066106614035998,0.0,0.0012849645730622695
el_config_pad0032,6,6,5450,,208.0,767,11.600048488816093,0.0,0.0010596856516827088
el_config_pad0032,7,7,5018,,233.0,767,15.324678055383803,0.0,0.001399937376779404
el_config_pad0032,8,8,5671,,208.0,767,22.606079166280555,0.0,0.0020651066895458993
el_config_pad0032,9,9,5451,,208.0,767,9.973793221979246,0.0,0.0009111242578314729
el_config_pad0032,10,10,4799,,233.0,767,13.024505556045185,0.0,0.0011898124108110026
el_config_pad0032,11,11,4079,,29.0,767,17.26616171421903,0.0,0.0015772954609484223
el_config_pad0032,12,12,4078,,29.0,767,25.90712146633228,0.0,0.0023666629428956225
el_config_pad0032,13,13,1879,16.0,32.0,767,10946.688265898481,54.7334413294924,1.0
el_config_pad0032,14,14,1658,,32.0,767,36.50423196979555,0.0,0.0033347283747464382
el_config_pad0032,15,15,1659,,32.0,767,28.316902326620017,0.0,0.0025868008331646616
el_config_pad0032,16,16,1878,,32.0,767,11.777287250181786,0.0,0.001075876736790872
el_config_pad0033,0,0,7659,,229.0,767,15.12264356970303,0.0,0.001420778151622926
el_config_pad0033,1,1,7878,,229.0,767,12.723935277853911,0.0,0.0011954185894889821
el_config_pad0033,2,2,8750,,204.0,767,11.343367992481266,0.0,0.0010657137646108443
el_config_pad0033,3,3,8531,,204.0,767,15.727302319426155,0.0,0.001477586072594849
el_config_pad0033,4,4,10070,,202.0,767,11.13674208024722,0.0,0.0010463011810696022
el_config_pad0033,5,5,8751,,204.0,767,7.237440299455641,0.0,0.0006799602862916506
el_config_pad0033,6,6,7879,,229.0,767,10.933005892437228,0.0,0.001027160088244053
el_config_pad0033,7,7,8530,,204.0,767,11.958308247416287,0.0,0.0011234876369327104
el_config_pad0033,8,8,10290,,202.0,767,17.00760794311685,0.0,0.0015978712759824353
el_config_pad0033,9,9,10071,,202.0,767,16.290945409582736,0.0,0.0015305405566515959
el_config_pad0033,10,10,10903,,37.0,767,16.07927767341485,0.0,0.001510654291821992
el_config_pad0033,11,11,10904,,37.0,767,15.73797507392068,0.0,0.0014785887819646472
el_config_pad0033,12,12,999,16.0,33.0,767,10643.916189468948,53.21958094734474,1.0
el_config_pad0033,13,13,10683,,37.0,767,14.502079726356204,0.0,0.001362475941017321
el_config_pad0033,14,14,10684,,37.0,767,13.273788194757051,0.0,0.0012470774814903269
el_config_pad0034,0,0,1935,,226.0,1023,36.74807508781574,0.0,0.005291446929490479
el_config_pad0034,1,1,10070,,202.0,1023,13.300942755729542,0.0,0.0019152359010899446
el_config_pad0034,2,2,1714,,226.0,1023,14.868117797713206,0.0,0.002140897341697703
el_config_pad0034,3,3,1715,,226.0,1023,26.841464485605304,0.0,0.003864969375837477
el_config_pad0034,4,4,1047,,201.0,1023,16.029848474497683,0.0,0.002308177837557044
el_config_pad0034,5,5,1046,,201.0,1023,14.779211523792437,0.0,0.00212809550570966
el_config_pad0034,6,6,10290,,202.0,1023,18.29981871618101,0.0,0.0026350365107443243
el_config_pad0034,7,7,10071,,202.0,1023,15.806002252982001,0.0,0.0022759456621659056
el_config_pad0034,8,8,1934,,226.0,1023,21.87463841831159,0.0,0.003149783710185874
el_config_pad0034,9,9,9144,,39.0,1023,35.271270729960236,0.0,0.005078798188946689
el_config_pad0034,10,10,9363,,39.0,1023,14.438210059789483,0.0,0.0020789938549337136
el_config_pad0034,11,11,13104,31.0,34.0,1023,6944.806510863799,34.724032554318995,1.0
el_config_pad0034,12,12,9143,,39.0,1023,13.807569508629653,0.0,0.001988186350048831
el_config_pad0034,13,13,9364,,39.0,1023,42.835281826004,0.0,0.006167959000585046
el_config_pad0035,0,0,6339,,231.0,343,13.793333024292249,0.0,0.0012874121181888612
el_config_pad0035,1,1,5019,,233.0,343,14.425492494922576,0.0,0.0013464152439514323
el_config_pad0035,2,2,6990,,206.0,343,32.001987201417215,0.0,0.0029869318790947826
el_config_pad0035,3,3,4798,,233.0,343,20.93277802611269,0.0,0.001953778107924555
el_config_pad0035,4,4,7210,,206.0,343,46.00498113149695,0.0,0.004293912870908741
el_config_pad0035,5,5,6991,,206.0,343,11.783497490381123,0.0,0.001099822460390649
el_config_pad0035,6,6,6559,,231.0,343,40.2337475601447,0.0,0.0037552500238962074
el_config_pad0035,7,7,7211,,206.0,343,11.839319553030693,0.0,0.0011050326586647563
el_config_pad0035,8,8,6338,,231.0,343,14.213626541617876,0.0,0.0013266405603970125
el_config_pad0035,9,9,4799,,233.0,343,11.686389552614704,0.0,0.0010907588108990693
el_config_pad0035,10,10,5018,,233.0,343,11.107582544978495,0.0,0.001036735381289189
el_config_pad0035,11,11,2538,,31.0,343,16.55069732078868,0.0,0.0015447729898011781
el_config_pad0035,12,12,12443,15.0,35.0,343,10713.999681544701,53.5699984077235,1.0
el_config_pad0035,13,13,12444,,35.0,343,13.719072964250685,0.0,0.0012804809942156658
el_config_pad0035,14,14,12223,,35.0,343,25.332620579774282,0.0,0.002364441042817161
el_config_pad0035,15,15,12224,,35.0,343,16.065360857704054,0.0,0.001499473710586093
el_config_pad0035,16,16,2539,,31.0,343,37.60257308450627,0.0,0.0035096671833282043
el_config_pad0036,0,0,3474,,224.0,1023,13.776681387397261,0.0,0.0020431686930514987
el_config_pad0036,1,1,3475,,224.0,1023,12.849238568162143,0.0,0.0019056230766891962
el_config_pad0036,2,2,3255,,224.0,1023,26.352815058974283,0.0,0.003908288592020969
el_config_pad0036,3,3,1047,,201.0,1023,13.802078588654224,0.0,0.0020469352580928316
el_config_pad0036,4,4,1046,,201.0,1023,17.03350063762461,0.0,0.002526175517690644
el_config_pad0036,5,5,2586,,199.0,1023,14.723775051849923,0.0,0.002183628653631503
el_config_pad0036,6,6,2587,,199.0,1023,24.00569585201414,0.0,0.0035601960182239335
el_config_pad0036,7,7,3254,,224.0,1023,23.13185873555349,0.0,0.0034306004654943733
el_config_pad0036,8,8,7823,,41.0,1023,12.766832939719627,0.0,0.001893401802535393
el_config_pad0036,9,9,7824,,41.0,1023,19.722651810361338,0.0,0.002924993588060233
el_config_pad0036,10,10,11564,,36.0,1023,27.127388154183205,0.0,0.004023162664673807
el_config_pad0036,11,11,11563,31.0,36.0,1023,6742.8017247179,33.71400862358949,1.0
el_config_pad0037,0,0,7659,,229.0,767,15.196529257615465,0.0,0.0012763105894492807
el_config_pad0037,1,1,6339,,231.0,767,13.318520002368592,0.0,0.001118582264848177
el_config_pad0037,2,2,7878,,229.0,767,11.079401621600791,0.0,0.0009305254755670107
el_config_pad0037,3,3,8750,,204.0,767,13.316606721485964,0.0,0.0011184215741661342
el_config_pad0037,4,4,8531,,204.0,767,13.580733702846345,0.0,0.0011406048015040865
el_config_pad0037,5,5,6559,,231.0,767,16.706634080033496,0.0,0.001403139732035552
el_config_pad0037,6,6,8751,,204.0,767,14.177530282414482,0.0,0.001190727943527994
el_config_pad0037,7,7,7879,,229.0,767,13.657612810355412,0.0,0.0011470616455214176
el_config_pad0037,8,8,6338,,231.0,767,12.270796761627432,0.0,0.0010305871546291815
el_config_pad0037,9,9,8530,,204.0,767,15.084297253862678,0.0,0.0012668845624640064
el_config_pad0037,10,10,10904,,37.0,767,18.80704739359244,0.0,0.0015795471016967601
el_config_pad0037,11,11,10903,,37.0,767,23.031781955865185,0.0,0.001934369796276112
el_config_pad0037,12,12,999,,33.0,767,16.11687803064338,0.0,0.0013536079028745502
el_config_pad0037,13,13,10683,17.0,37.0,767,11906.607516413904,59.53303758206952,1.0
el_config_pad0037,14,14,10684,,37.0,767,19.08867680729748,0.0,0.001603200305459192
el_config_pad0038,0,0,5015,,222.0,767,24.656877206030757,0.0,0.0021371074847389955
el_config_pad0038,1,1,5014,,222.0,767,12.750572471396737,0.0,0.00110514172722019
el_config_pad0038,2,2,4127,,197.0,767,15.92694196532015,0.0,0.0013804500301751166
el_config_pad0038,3,3,4794,,222.0,767,12.894880679863828,0.0,0.001117649481135956
el_config_pad0038,4,4,4126,,197.0,767,12.200555640401443,0.0,0.0010574696284207132
el_config_pad0038,5,5,2586,,199.0,767,9.924603546375986,0.0,0.0008602040049434815
el_config_pad0038,6,6,2587,,199.0,767,17.900019865138166,0.0,0.0015514643687890442
el_config_pad0038,7,7,3906,,197.0,767,18.040449541721784,0.0,0.0015636359552555139
el_config_pad0038,8,8,4795,,222.0,767,16.65065256025648,0.0,0.0014431768433193638
el_config_pad0038,9,9,10024,18.0,38.0,767,11537.49981323101,57.68749906615505,1.0
el_config_pad0038,10,10,6283,,43.0,767,30.764834890521872,0.0,0.0026665079426689375
el_config_pad0038,11,11,6284,,43.0,767,15.284697939592254,0.0,0.0013247842415619387
el_config_pad0039,0,0,7659,,229.0,767,14.429585755274331,0.0,0.001284756148773954
el_config_pad0039,1,1,7878,,229.0,767,12.981999019980385,0.0,0.0011558684599244863
el_config_pad0039,2,2,10070,,202.0,767,14.801670281749347,0.0,0.0013178851582521152
el_config_pad0039,3,3,1714,,226.0,767,13.730143073160825,0.0,0.0012224803979796661
el_config_pad0039,4,4,1715,,226.0,767,27.9817443547395,0.0,0.0024913894773474035
el_config_pad0039,5,5,1935,,226.0,767,14.82818213859766,0.0,0.0013202456744636657
el_config_pad0039,6,6,7879,,229.0,767,12.81207857338203,0.0,0.0011407393812196552
el_config_pad0039,7,7,10290,,202.0,767,21.331872661196265,0.0,0.0018993098645480743
el_config_pad0039,8,8,10071,,202.0,767,14.748848350006668,0.0,0.0013131820917367289
el_config_pad0039,9,9,1934,,226.0,767,21.992455498174838,0.0,0.001958125680606588
el_config_pad0039,10,10,9144,,39.0,767,40.000604008336886,0.0,0.0035615036235949003
el_config_pad0039,11,11,9363,18.0,39.0,767,11231.38096598683,56.15690482993414,1.0
el_config_pad0039,12,12,13104,,34.0,767,14.069989783370913,0.0,0.0012527390733143627
el_config_pad0039,13,13,9143,,39.0,767,12.456311351441794,0.0,0.0011090632032841332
el_config_pad0039,14,14,9364,,39.0,767,35.54277723610691,0.0,0.0031645954619244805
el_config_pad0040,0,0,6335,,220.0,767,16.280170190770107,0.0,0.0013238971077975032
el_config_pad0040,1,1,6555,,220.0,767,31.463182841607008,0.0,0.002558573791183271
el_config_pad0040,2,2,6334,,220.0,767,16.750724388239533,0.0,0.0013621623921152885
el_config_pad0040,3,3,8483,,40.0,767,15.903630210777566,0.0,0.0012932770230784335
el_config_pad0040,4,4,4744,,45.0,767,37.87810029168852,0.0,0.0030802323831639307
el_config_pad0040,5,5,4743,,45.0,767,40.9753101983117,0.0,0.003332096288121441
el_config_pad0040,6,6,8484,,40.0,767,24.906548717930317,0.0,0.0020253908544260613
el_config_pad0040,7,7,8704,17.0,40.0,767,12297.156701138621,61.48578350569311,1.0
el_config_pad0041,0,0,1714,,226.0,767,12.420552578597954,0.0,0.0011341259318111913
el_config_pad0041,1,1,3474,,224.0,767,14.719928010825903,0.0,0.0013440828792301645
el_config_pad0041,2,2,1935,,226.0,767,38.85396166048664,0.0,0.0035477717431578112
el_config_pad0041,3,3,3475,,224.0,767,13.266176917074123,0.0,0.0012113402493520269
el_config_pad0041,4,4,3255,,224.0,767,24.603722447986904,0.0,0.0022465763476118127
el_config_pad0041,5,5,1715,,226.0,767,35.78290483167982,0.0,0.003267352239631277
el_config_pad0041,6,6,1047,,201.0,767,14.995254890995827,0.0,0.0013692230936086646
el_config_pad0041,7,7,1046,,201.0,767,17.047375199293086,0.0,0.00155660307063534
el_config_pad0041,8,8,3254,,224.0,767,16.07312645120013,0.0,0.0014676440036167989
el_config_pad0041,9,9,1934,,226.0,767,29.17554946917965,0.0,0.0026640318148850005
el_config_pad0041,10,10,7824,,41.0,767,15.720895039454653,0.0,0.001435481603793513
el_config_pad0041,11,11,7823,16.0,41.0,767,10951.652043404401,54.758260217022006,1.0
el_config_pad0041,12,12,11564,,36.0,767,13.750730055169496,0.0,0.0012555850022144223
el_config_pad0041,13,13,11563,,36.0,767,21.262556522861495,0.0,0.0019414930677665936
el_config_pad0042,0,0,6335,,220.0,767,21.989514039424616,0.0,0.0019049632959933574
el_config_pad0042,1,1,7874,,218.0,767,13.353153995088078,0.0,0.0011567908322477622
el_config_pad0042,2,2,6986,,193.0,767,12.626434545670355,0.0,0.0010938347398510295
el_config_pad0042,3,3,6555,,220.0,767,28.77221191989853,0.0,0.0024925520206440835
el_config_pad0042,4,4,7207,,193.0,767,12.028523917596539,0.0,0.001042037424152153
el_config_pad0042,5,5,7875,,218.0,767,32.91787265830433,0.0,0.0028516928152130215
el_config_pad0042,6,6,6334,,220.0,767,14.019600045418601,0.0,0.0012145254080261638
el_config_pad0042,7,7,7206,,193.0,767,26.395982936010082,0.0,0.002286698040011889
el_config_pad0042,8,8,3203,,47.0,767,14.149684889536934,0.0,0.0012257947272555998
el_config_pad0042,9,9,6944,18.0,42.0,767,11543.27439571901,57.71637197859505,1.0
el_config_pad0042,10,10,6943,,42.0,767,12.854890417043002,0.0,0.0011136259934885048
el_config_pad0042,11,11,7163,,42.0,767,19.896946553266304,0.0,0.001723683061770183
el_config_pad0042,12,12,3204,,47.0,767,14.831095347335923,0.0,0.0012848256776115665
el_config_pad0042,13,13,3424,,47.0,767,21.611969434358237,0.0,0.001872256406065626
el_config_pad0043,0,0,5015,,222.0,767,24.017933100201333,0.0,0.0019696620422179965
el_config_pad0043,1,1,3474,,224.0,767,14.761961621835619,0.0,0.0012105985704059065
el_config_pad0043,2,2,4794,,222.0,767,15.294159378722679,0.0,0.0012542430304150493
el_config_pad0043,3,3,3475,,224.0,767,13.136427761296586,0.0,0.0010772918312253823
el_config_pad0043,4,4,3255,,224.0,767,22.937801478002896,0.0,0.00188108263582329
el_config_pad0043,5,5,4795,,222.0,767,12.059408709795795,0.0,0.0009889676804486882
el_config_pad0043,6,6,2586,,199.0,767,12.154852198051492,0.0,0.000996794807587807
el_config_pad0043,7,7,2587,,199.0,767,15.418568412415217,0.0,0.001264445563262106
el_config_pad0043,8,8,5014,,222.0,767,13.692131594398164,0.0,0.0011228639769303784
el_config_pad0043,9,9,3254,,224.0,767,23.45663504115283,0.0,0.001923631125374898
el_config_pad0043,10,10,10024,,38.0,767,28.422903620555946,0.0,0.0023309047517731754
el_config_pad0043,11,11,6283,17.0,43.0,767,12193.936109544571,60.96968054772285,1.0
el_config_pad0043,12,12,6284,,43.0,767,13.544888276603466,0.0,0.001110788850697804
el_config_pad0044,0,0,9194,,216.0,767,13.67152728150246,0.0,0.0011149283820501197
el_config_pad0044,1,1,9415,,216.0,767,21.09513960727482,0.0,0.0017203322925948609
el_config_pad0044,2,2,8746,,191.0,767,11.389608357775153,0.0,0.0009288353347105513
el_config_pad0044,3,3,7207,,193.0,767,11.501759264985777,0.0,0.0009379813669677501
el_config_pad0044,4,4,8526,,191.0,767,11.044961837359807,0.0,0.0009007290244590418
el_config_pad0044,5,5,6986,,193.0,767,18.526927814180542,0.0,0.0015108917406888
el_config_pad0044,6,6,8747,,191.0,767,13.075159643776733,0.0,0.0010662939323836061
el_config_pad0044,7,7,9414,,216.0,767,14.397928498989831,0.0,0.0011741672159752952
el_config_pad0044,8,8,9195,,216.0,767,15.742838644366936,0.0,0.0012838461466107098
el_config_pad0044,9,9,7206,,193.0,767,27.317493775751583,0.0,0.0022277722532340065
el_config_pad0044,10,10,1883,,49.0,767,14.038664373492262,0.0,0.0011448688236360865
el_config_pad0044,11,11,1664,,49.0,767,16.29440833330883,0.0,0.0013288272733142285
el_config_pad0044,12,12,5403,,44.0,767,17.44052366482305,0.0,0.001422294263936183
el_config_pad0044,13,13,5404,,44.0,767,17.3063665269717,0.0,0.001411353598890848
el_config_pad0044,14,14,5623,,44.0,767,15.023900424409213,0.0,0.0012252159285036244
el_config_pad0044,15,15,1884,,49.0,767,16.865223476975707,0.0,0.0013753778884338201
el_config_pad0044,16,16,1663,,49.0,767,14.256487331757077,0.0,0.001162632530165067
el_config_pad0044,17,17,5624,17.0,44.0,767,12262.24706591771,61.31123532958855,1.0
el_config_pad0045,0,0,6335,,220.0,767,18.070156077342354,0.0,0.0014714519689906591
el_config_pad0045,1,1,5015,,222.0,767,28.197705065441593,0.0,0.002296137812090455
el_config_pad0045,2,2,4127,,197.0,767,14.711038067481294,0.0,0.0011979191456699104
el_config_pad0045,3,3,4794,,222.0,767,11.328780915755237,0.0,0.0009225021031032251
el_config_pad0045,4,4,6334,,220.0,767,15.888127561986927,0.0,0.0012937694884646955
el_config_pad0045,5,5,6555,,220.0,767,27.983197841169847,0.0,0.0022786704987940777
el_config_pad0045,6,6,4795,,222.0,767,14.681236505029627,0.0,0.00119549240582545
el_config_pad0045,7,7,4126,,197.0,767,15.722822208178734,0.0,0.0012803086811919372
el_config_pad0045,8,8,3906,,197.0,767,17.964243476979632,0.0,0.0014628275108687916
el_config_pad0045,9,9,5014,,222.0,767,15.838816989540454,0.0,0.001289754130843662
el_config_pad0045,10,10,8483,,40.0,767,12.561503480273137,0.0,0.0010228826442017862
el_config_pad0045,11,11,4744,,45.0,767,47.08400219646585,0.0,0.003834048109126224
el_config_pad0045,12,12,4743,17.0,45.0,767,12280.493320986589,61.40246660493294,1.0
el_config_pad0045,13,13,8484,,40.0,767,22.905365388440142,0.0,0.0018651828383226526
el_config_pad0045,14,14,8704,,40.0,767,16.60891825885604,0.0,0.001352463441388991
el_config_pad0047,0,0,6335,,220.0,767,19.374626365989986,0.0,0.0016083904842762143
el_config_pad0047,1,1,6555,,220.0,767,32.38578835628475,0.0,0.002688516043306429
el_config_pad0047,2,2,6334,,220.0,767,15.207142953992806,0.0,0.001262425584792965
el_config_pad0047,3,3,7163,,42.0,767,21.154661952260007,0.0,0.0017561606783716938
el_config_pad0047,4,4,6944,,42.0,767,44.67005693364328,0.0,0.00370829832518824
el_config_pad0047,5,5,3203,,47.0,767,14.427281505131946,0.0,0.001197685150076583
el_config_pad0047,6,6,3204,,47.0,767,15.79753570186523,0.0,0.001311437217829181
el_config_pad0047,7,7,6943,,42.0,767,56.961666108315704,0.0,0.004728689988982535
el_config_pad0047,8,8,3424,17.0,47.0,767,12045.971768297726,60.22985884148863,1.0
el_config_pad0048,0,0,3470,,211.0,767,14.279973011976049,0.0,0.0012301836102231736
el_config_pad0048,1,1,10286,,189.0,767,11.022753917826602,0.0,0.00094958241152566
el_config_pad0048,2,2,3251,,211.0,767,10.95099412815681,0.0,0.0009434004868784072
el_config_pad0048,3,3,3471,,211.0,767,13.389876765526166,0.0,0.0011535040665723911
el_config_pad0048,4,4,10066,,189.0,767,12.000744890306427,0.0,0.0010338338638415645
el_config_pad0048,5,5,9148,,56.0,767,14.573068319213657,0.0,0.0012554330307154003
el_config_pad0048,6,6,3250,,211.0,767,15.101655465246132,0.0,0.001300969478373841
el_config_pad0048,7,7,10908,,54.0,767,43.56562611574716,0.0,0.0037530686627877995
el_config_pad0048,8,8,9369,,56.0,767,43.28770128073957,0.0,0.003729126140164432
el_config_pad0048,9,9,2544,,48.0,767,20.65637692136139,0.0,0.0017794947031020073
el_config_pad0048,10,10,10688,,54.0,767,21.587874706512707,0.0,0.0018597408847503415
el_config_pad0048,11,11,10909,,54.0,767,32.28204824635786,0.0,0.0027810169265584457
el_config_pad0048,12,12,2543,17.0,48.0,767,11608.001353054484,58.040006765272416,1.0
el_config_pad0049,0,0,9194,,216.0,767,15.547551806689658,0.0,0.001261486284379517
el_config_pad0049,1,1,9415,,216.0,767,21.542886793009245,0.0,0.001747931542741587
el_config_pad0049,2,2,7874,,218.0,767,11.674374959003666,0.0,0.000947227195162018
el_config_pad0049,3,3,7207,,193.0,767,10.554257503761134,0.0,0.0008563438957042498
el_config_pad0049,4,4,7875,,218.0,767,40.16792967884163,0.0,0.0032591171260788
el_config_pad0049,5,5,6986,,193.0,767,16.567080944988422,0.0,0.0013442081199765386
el_config_pad0049,6,6,9414,,216.0,767,12.644194546849407,0.0,0.00102591573234146
el_config_pad0049,7,7,9195,,216.0,767,18.84381835958526,0.0,0.0015289364333057037
el_config_pad0049,8,8,7206,,193.0,767,27.47879348952034,0.0,0.0022295549504721453
el_config_pad0049,9,9,1883,,49.0,767,12.23282495523048,0.0,0.000992538316778529
el_config_pad0049,10,10,1664,,49.0,767,15.191830844320675,0.0,0.0012326240480175403
el_config_pad0049,11,11,5403,,44.0,767,17.339617192514293,0.0,0.0014068896207399314
el_config_pad0049,12,12,5404,,44.0,767,17.827249563666058,0.0,0.0014464547918791415
el_config_pad0049,13,13,5623,,44.0,767,13.821277620684247,0.0,0.001121421067951857
el_config_pad0049,14,14,1884,,49.0,767,18.842698439241342,0.0,0.0015288455659993253
el_config_pad0049,15,15,1663,17.0,49.0,767,12324.788623712211,61.62394311856105,1.0
el_config_pad0049,16,16,5624,,44.0,767,43.20324084465405,0.0,0.0035053940610010464
el_config_pad0050,0,0,5011,,209.0,767,13.418525970797415,0.0,0.0012347341428115138
el_config_pad0050,1,1,3470,,211.0,767,15.633323404262308,0.0,0.0014385334286989417
el_config_pad0050,2,2,1041,,186.0,767,15.358988556923135,0.0,0.0014132899255518867
el_config_pad0050,3,3,1042,,186.0,767,12.083836643347347,0.0,0.0011119198719865939
el_config_pad0050,4,4,4791,,209.0,767,12.016873716298301,0.0,0.001105758136151377
el_config_pad0050,5,5,3251,,211.0,767,10.265823833756905,0.0,0.0009446315652861965
el_config_pad0050,6,6,3471,,211.0,767,11.51683372282861,0.0,0.001059745895011631
el_config_pad0050,7,7,4790,,209.0,767,13.305665812494075,0.0,0.0012243490758433895
el_config_pad0050,8,8,9148,,56.0,767,14.22187084951723,0.0,0.0013086556266143422
el_config_pad0050,9,9,3250,,211.0,767,12.077516936000448,0.0,0.0011113383507039452
el_config_pad0050,10,10,9369,,56.0,767,42.14809010116197,0.0,0.0038783459536061117
el_config_pad0050,11,11,1004,16.0,50.0,767,10867.542660028148,54.337713300140734,1.0
el_config_pad0051,0,0,12888,,51.0,1023,41.62784791520063,0.0,0.006264705264198852
el_config_pad0051,1,1,13108,31.0,51.0,1023,6644.8214496367245,33.22410724818362,1.0
el_config_pad0052,0,0,9194,,216.0,1023,12.742038539063147,0.0,0.001906351088385691
el_config_pad0052,1,1,9415,,216.0,1023,18.70973873132062,0.0,0.002799185600052926
el_config_pad0052,2,2,9414,,216.0,1023,17.607189502662212,0.0,0.0026342319377634774
el_config_pad0052,3,3,8746,,191.0,1023,14.898769970927164,0.0,0.002229022166477713
el_config_pad0052,4,4,8747,,191.0,1023,13.352507242050104,0.0,0.0019976840154363224
el_config_pad0052,5,5,1931,,213.0,1023,11.3553416000063,0.0,0.0016988857592762335
el_config_pad0052,6,6,12449,,52.0,1023,37.11559902973179,0.0,0.005552907597124436
el_config_pad0052,7,7,10286,,189.0,1023,11.437248446948965,0.0,0.0017111399371565392
el_config_pad0052,8,8,8526,,191.0,1023,14.635687262039074,0.0,0.002189662058839776
el_config_pad0052,9,9,1710,,213.0,1023,14.849131875007632,0.0,0.00222159575367167
el_config_pad0052,10,10,1930,,213.0,1023,16.449193166122694,0.0,0.0024609827696856147
el_config_pad0052,11,11,10066,,189.0,1023,14.466604093870428,0.0,0.002164365330951391
el_config_pad0052,12,12,9195,,216.0,1023,21.728534653395148,0.0,0.0032508311412289604
el_config_pad0052,13,13,1711,,213.0,1023,16.45716281037964,0.0,0.0024621751173587677
el_config_pad0052,14,14,12448,,52.0,1023,32.359051506291124,0.0,0.0048412750337421505
el_config_pad0052,15,15,12228,31.0,52.0,1023,6683.993634065159,33.419968170325795,1.0
el_config_pad0053,0,0,4122,,182.0,767,12.877457131976142,0.0,0.0011379769959130096
el_config_pad0053,1,1,7871,,205.0,767,12.273849446037067,0.0,0.0010846363670827008
el_config_pad0053,2,2,2582,,184.0,767,13.943966227866385,0.0,0.0012322240824780598
el_config_pad0053,3,3,4121,,182.0,767,11.875329621928715,0.0,0.0010494192906364127
el_config_pad0053,4,4,3902,,182.0,767,12.417943321339834,0.0,0.0010973698993061813
el_config_pad0053,5,5,11569,18.0,53.0,767,11316.096176130904,56.58048088065452,1.0
el_config_pad0053,6,6,2581,,184.0,767,13.096859568886106,0.0,0.0011573655229717272
el_config_pad0053,7,7,11568,,53.0,767,44.27871475990017,0.0,0.003912896644807374
el_config_pad0053,8,8,6288,,60.0,767,18.001552544343667,0.0,0.001590791759291904
el_config_pad0054,0,0,3470,,211.0,767,10.547716225766642,0.0,0.0009168735496786587
el_config_pad0054,1,1,1710,,213.0,767,13.728515341832631,0.0,0.001193368528680636
el_config_pad0054,2,2,1931,,213.0,767,28.743568226217988,0.0,0.0024985709575332912
el_config_pad0054,3,3,10286,,189.0,767,13.123501810615672,0.0,0.0011407769636349813
el_config_pad0054,4,4,3250,,211.0,767,11.37059017206759,0.0,0.0009884029063596778
el_config_pad0054,5,5,3251,,211.0,767,12.946053392370665,0.0,0.0011253520358459957
el_config_pad0054,6,6,3471,,211.0,767,11.980649063377184,0.0,0.0010414330457012774
el_config_pad0054,7,7,1711,,213.0,767,12.237651685994747,0.0,0.0010637733231445077
el_config_pad0054,8,8,10066,,189.0,767,11.746813970681513,0.0,0.0010211066350460899
el_config_pad0054,9,9,10909,18.0,54.0,767,11504.00317411638,57.5200158705819,1.0
el_config_pad0054,10,10,1930,,213.0,767,15.93246739548226,0.0,0.0013849498434883758
el_config_pad0054,11,11,10908,,54.0,767,43.962023993198144,0.0,0.0038214544387566943
el_config_pad0054,12,12,2544,,48.0,767,25.952847056715573,0.0,0.0022559839965194555
el_config_pad0054,13,13,2543,,48.0,767,11.85454091705071,0.0,0.0010304709358671795
el_config_pad0054,14,14,10688,,54.0,767,8.278955871526847,0.0,0.0007196586915200284
el_config_pad0055,0,0,9411,,203.0,767,13.0666494053672,0.0,0.0011410766757131861
el_config_pad0055,1,1,5441,,180.0,767,12.98745393031012,0.0,0.0011341607398365765
el_config_pad0055,2,2,9190,,203.0,767,14.322917035519499,0.0,0.0012507832765982954
el_config_pad0055,3,3,4122,,182.0,767,12.410940761960108,0.0,0.0010838153368769245
el_config_pad0055,4,4,4121,,182.0,767,13.670170099176369,0.0,0.001193780575974948
el_config_pad0055,5,5,3902,,182.0,767,13.246501894376845,0.0,0.0011567827281150796
el_config_pad0055,6,6,10028,18.0,55.0,767,11451.158089091947,57.25579044545973,1.0
el_config_pad0055,7,7,5661,,180.0,767,23.1651429360448,0.0,0.002022951980560924
el_config_pad0055,8,8,4748,,62.0,767,31.816417251159987,0.0,0.0027784453767577813
el_config_pad0055,9,9,10029,,55.0,767,39.19782818624929,0.0,0.003423044890419253
el_config_pad0055,10,10,4749,,62.0,767,14.822291569087687,0.0,0.001294392362219415
el_config_pad0056,0,0,3251,,211.0,767,12.578723282425928,0.0,0.0010987282565982862
el_config_pad0056,1,1,5011,,209.0,767,13.77385963778592,0.0,0.0012031212108463952
el_config_pad0056,2,2,3470,,211.0,767,15.431813616567227,0.0,0.001347940430072852
el_config_pad0056,3,3,4791,,209.0,767,10.451670717518914,0.0,0.000912934141896808
el_config_pad0056,4,4,3471,,211.0,767,12.510018774697691,0.0,0.001092727044686569
el_config_pad0056,5,5,4790,,209.0,767,10.383059015757757,0.0,0.0009069410364149822
el_config_pad0056,6,6,9148,,56.0,767,18.338275475458634,0.0,0.0016018145077028743
el_config_pad0056,7,7,3250,,211.0,767,15.158250613394094,0.0,0.0013240452067820954
el_config_pad0056,8,8,9369,18.0,56.0,767,11448.438871837374,57.24219435918687,1.0
el_config_pad0056,9,9,2544,,48.0,767,23.512082257578534,0.0,0.0020537369785340043
el_config_pad0056,10,10,1004,,50.0,767,16.501816385791887,0.0,0.0014414031965865309
el_config_pad0056,11,11,2543,,48.0,767,13.69377794434417,0.0,0.001196126222766514
el_config_pad0057,0,0,7201,,178.0,767,11.788647603825606,0.0,0.0009577514954766394
el_config_pad0057,1,1,5441,,180.0,767,13.564805620983432,0.0,0.001102052865260879
el_config_pad0057,2,2,6981,,178.0,767,13.227408257829246,0.0,0.001074641508166285
el_config_pad0057,3,3,1706,,200.0,767,15.172750914944189,0.0,0.0012326880374782404
el_config_pad0057,4,4,1926,,200.0,767,13.600356462065415,0.0,0.0011049411415378519
el_config_pad0057,5,5,6982,,178.0,767,12.058812735053216,0.0,0.0009797006678630392
el_config_pad0057,6,6,1927,,200.0,767,25.155142272925918,0.0,0.002043692876441914
el_config_pad0057,7,7,7202,,178.0,767,18.311713214846034,0.0,0.001487708455257136
el_config_pad0057,8,8,5661,,180.0,767,14.960190565033837,0.0,0.0012154188816049566
el_config_pad0057,9,9,8489,,57.0,767,34.9203181610385,0.0,0.0028370503610949606
el_config_pad0057,10,10,3209,,64.0,767,13.918400494121826,0.0,0.0011307801654501961
el_config_pad0057,11,11,3429,,64.0,767,11.937477582187306,0.0,0.0009698429701850205
el_config_pad0057,12,12,8709,17.0,57.0,767,12308.67052622957,61.54335263114785,1.0
el_config_pad0058,0,0,7829,16.0,58.0,767,10946.079598813947,54.73039799406973,1.0
el_config_pad0058,1,1,7828,,58.0,767,45.658126037726966,0.0,0.004171185274650681
el_config_pad0059,0,0,6982,,178.0,156,13.27592730803204,0.0,0.0012930324766503426
el_config_pad0059,1,1,8742,,176.0,156,14.598336286602512,0.0,0.0014218308435765545
el_config_pad0059,2,2,3466,,198.0,156,13.184554855814037,0.0,0.0012841330946751508
el_config_pad0059,3,3,7169,19.0,59.0,156,10267.28063507261,51.336403175363046,1.0
el_config_pad0059,4,4,8522,,176.0,156,37.19709827863859,0.0,0.0036228773324432986
el_config_pad0059,5,5,7201,,178.0,156,12.188618939869212,0.0,0.0011871321504774487
el_config_pad0059,6,6,8741,,176.0,156,14.306904899567003,0.0,0.0013934463669664587
el_config_pad0059,7,7,3467,,198.0,156,16.609428839712418,0.0,0.0016177047681910331
el_config_pad0059,8,8,3247,,198.0,156,20.334771843924663,0.0,0.0019805411546326996
el_config_pad0059,9,9,8521,,176.0,156,13.23248522760856,0.0,0.0012888013582103652
el_config_pad0059,10,10,7202,,178.0,156,16.574867603625844,0.0,0.0016143386153298252
el_config_pad0059,11,11,3246,,198.0,156,35.74915034268564,0.0,0.0034818518761986507
el_config_pad0059,12,12,6981,,178.0,156,45.86975665414878,0.0,0.0044675662704162945
el_config_pad0059,13,13,6949,,59.0,156,22.71270378395907,0.0,0.002212144051694994
el_config_pad0059,14,14,1669,,66.0,156,20.1188759818904,0.0,0.001959513594394717
el_config_pad0059,15,15,6948,,59.0,156,28.491967894279757,0.0,0.0027750257255998597
el_config_pad0059,16,16,1889,,66.0,156,22.541523769332965,0.0,0.0021954716706906836
el_config_pad0059,17,17,7168,,59.0,156,24.09675398687861,0.0,0.00234694607494852
el_config_pad0060,0,0,6330,,207.0,767,15.143296053523919,0.0,0.001388799550150197
el_config_pad0060,1,1,7871,,205.0,767,15.012610478148186,0.0,0.0013768143081228708
el_config_pad0060,2,2,6550,,207.0,767,36.974665954462594,0.0,0.0033909658282459563
el_config_pad0060,3,3,6331,,207.0,767,15.444645679699047,0.0,0.001416436480960419
el_config_pad0060,4,4,2581,,184.0,767,13.552137740137624,0.0,0.001242873594398021
el_config_pad0060,5,5,2582,,184.0,767,13.273552294314454,0.0,0.0012173243783970846
el_config_pad0060,6,6,11569,,53.0,767,11.408808531949203,0.0,0.0010463077589527598
el_config_pad0060,7,7,6288,16.0,60.0,767,10903.87453818385,54.51937269091925,1.0
el_config_pad0060,8,8,11568,,53.0,767,47.54205394365216,0.0,0.004360106471985394
el_config_pad0061,0,0,10062,,174.0,767,14.610273418730829,0.0,0.001179808021439314
el_config_pad0061,1,1,8742,,176.0,767,19.474955869097194,0.0,0.0015726405997358443
el_config_pad0061,2,2,8741,,176.0,767,29.854566717364932,0.0,0.0024108143824732096
el_config_pad0061,3,3,5006,,196.0,767,35.576280820717734,0.0,0.002872853935193948
el_config_pad0061,4,4,10061,,174.0,767,12.564767695792149,0.0,0.001014629452177965
el_config_pad0061,5,5,4786,,196.0,767,15.332382227458183,0.0,0.0012381197135255342
el_config_pad0061,6,6,8521,,176.0,767,13.762177504691602,0.0,0.0011113226253309427
el_config_pad0061,7,7,12452,,69.0,767,29.4800699500857,0.0,0.0023805730394554476
el_config_pad0061,8,8,12453,,69.0,767,12.447079652816152,0.0,0.0010051259135958213
el_config_pad0061,9,9,5628,,61.0,767,19.185546312058893,0.0,0.0015492702145904686
el_config_pad0061,10,10,5408,,61.0,767,14.705890222000185,0.0,0.0011875292644474664
el_config_pad0061,11,11,5629,17.0,61.0,767,12383.602377026507,61.91801188513253,1.0
el_config_pad0061,12,12,12233,,69.0,767,24.49597876617129,0.0,0.001978097973463288
el_config_pad0061,13,13,8522,,176.0,767,15.808354118145221,0.0,0.0012765553703074444
el_config_pad0061,14,14,4787,,196.0,767,18.764331488603876,0.0,0.0015152562975870904
el_config_pad0062,0,0,9411,,203.0,767,11.111144361103431,0.0,0.000962330869970082
el_config_pad0062,1,1,9190,,203.0,767,15.219556976996143,0.0,0.0013181585109724408
el_config_pad0062,2,2,4122,,182.0,767,11.936676161966837,0.0,0.001033829782259793
el_config_pad0062,3,3,7871,,205.0,767,10.15873921177937,0.0,0.0008798435179812551
el_config_pad0062,4,4,4121,,182.0,767,13.853878965194305,0.0,0.0011998777950997365
el_config_pad0062,5,5,3902,,182.0,767,13.272988952279933,0.0,0.0011495671904205526
el_config_pad0062,6,6,10028,,55.0,767,13.533043812794395,0.0,0.0011720904168341078
el_config_pad0062,7,7,4748,18.0,62.0,767,11546.074960111033,57.73037480055516,1.0
el_config_pad0062,8,8,10029,,55.0,767,41.75189925528364,0.0,0.003616111916779218
el_config_pad0062,9,9,4749,,62.0,767,15.110430432611635,0.0,0.0013087071134402477
el_config_pad0063,0,0,11602,,172.0,767,11.196343222952153,0.0,0.0009850443396485697
el_config_pad0063,1,1,10693,,71.0,767,11.838043122011813,0.0,0.0010415005272389952
el_config_pad0063,2,2,10061,,174.0,767,14.509780634655908,0.0,0.0012765576223503481
el_config_pad0063,3,3,10062,,174.0,767,15.582133132948238,0.0,0.0013709022434035371
el_config_pad0063,4,4,3868,,63.0,767,35.68866589264483,0.0,0.003139857150421423
el_config_pad0063,5,5,10912,,71.0,767,15.717496367245063,0.0,0.001382811380617844
el_config_pad0063,6,6,9373,,73.0,767,13.163309726308453,0.0,0.0011580963068692197
el_config_pad0063,7,7,9153,,73.0,767,17.64516698363203,0.0,0.0015524061305792675
el_config_pad0063,8,8,9372,,73.0,767,34.92093795134241,0.0,0.003072313127528331
el_config_pad0063,9,9,4089,18.0,63.0,767,11366.33425754888,56.8316712877444,1.0
el_config_pad0063,10,10,10913,,71.0,767,13.652855832510038,0.0,0.0012011661388052685
el_config_pad0063,11,11,4088,,63.0,767,17.87455709242585,0.0,0.0015725876687600114
el_config_pad0063,12,12,9374,,73.0,767,13.359460296142212,0.0,0.0011753534599133937
el_config_pad0064,0,0,9411,,203.0,767,13.457073910442354,0.0,0.0011705967183406564
el_config_pad0064,1,1,9190,,203.0,767,15.422417226361114,0.0,0.0013415569472387096
el_config_pad0064,2,2,5441,,180.0,767,14.435758392469047,0.0,0.0012557299984709217
el_config_pad0064,3,3,5661,,180.0,767,12.385612943652665,0.0,0.0010773930471784693
el_config_pad0064,4,4,1706,,200.0,767,14.752468255831824,0.0,0.0012832797859794007
el_config_pad0064,5,5,1926,,200.0,767,14.749028607473013,0.0,0.0012829805796951916
el_config_pad0064,6,6,1927,,200.0,767,27.32933405460848,0.0,0.0023773094338090488
el_config_pad0064,7,7,8489,,57.0,767,42.288750320052166,0.0,0.0036785911021093003
el_config_pad0064,8,8,3209,18.0,64.0,767,11495.909478986083,57.479547394930414,1.0
el_config_pad0064,9,9,3429,,64.0,767,11.08235604917132,0.0,0.0009640260363418208
el_config_pad0064,10,10,8709,,57.0,767,21.75495566125152,0.0,0.0018924083997893713
el_config_pad0065,0,0,13142,,170.0,767,28.03449375897731,0.0,0.002296754376078223
el_config_pad0065,1,1,7867,,192.0,767,19.69930547329128,0.0,0.0016138856096516846
el_config_pad0065,2,2,12922,,170.0,767,20.22296962677348,0.0,0.0016567873273158533
el_config_pad0065,3,3,7866,,192.0,767,13.774254270056232,0.0,0.0011284697717016982
el_config_pad0065,4,4,11602,,172.0,767,26.15459054921498,0.0,0.002142741396184748
el_config_pad0065,5,5,7646,,192.0,767,14.195067571372329,0.0,0.0011629453288356723
el_config_pad0065,6,6,13141,,170.0,767,29.16781598028645,0.0,0.002389602950184004
el_config_pad0065,7,7,9373,,73.0,767,11.432161916777838,0.0,0.000936591476776221
el_config_pad0065,8,8,9153,,73.0,767,17.79632411787988,0.0,0.0014579819292352403
el_config_pad0065,9,9,9372,,73.0,767,39.544795488648084,0.0,0.0032397475363929716
el_config_pad0065,10,10,2548,17.0,65.0,767,12206.134905399438,61.03067452699719,1.0
el_config_pad0065,11,11,2549,,65.0,767,15.312508039413094,0.0,0.0012544927741737098
el_config_pad0065,12,12,9374,,73.0,767,12.45517395887006,0.0,0.0010204027774066676
el_config_pad0066,0,0,1706,,200.0,767,39.13491052443905,0.0,0.003200205189952234
el_config_pad0066,1,1,3466,,198.0,767,14.484196425724853,0.0,0.0011844258732863597
el_config_pad0066,2,2,7201,,178.0,767,12.161536100214787,0.0,0.0009944934183864899
el_config_pad0066,3,3,3467,,198.0,767,13.111976324927205,0.0,0.001072214402007102
el_config_pad0066,4,4,1926,,200.0,767,15.208312098188317,0.0,0.0012436394680560784
el_config_pad0066,5,5,3247,,198.0,767,19.10368911829119,0.0,0.0015621787361800997
el_config_pad0066,6,6,6982,,178.0,767,14.235399914343857,0.0,0.0011640808699046282
el_config_pad0066,7,7,1927,,200.0,767,28.039882099428908,0.0,0.00229292401637674
el_config_pad0066,8,8,7202,,178.0,767,13.600085332683678,0.0,0.0011121288660738903
el_config_pad0066,9,9,3246,,198.0,767,37.544586174882056,0.0,0.0030701585341925005
el_config_pad0066,10,10,6981,,178.0,767,44.42668600486541,0.0,0.0036329330825060433
el_config_pad0066,11,11,7169,,59.0,767,38.20802538751749,0.0,0.0031244103922660705
el_config_pad0066,12,12,6949,,59.0,767,14.186721387331382,0.0,0.0011601002481861431
el_config_pad0066,13,13,6948,,59.0,767,20.322196534430272,0.0,0.0016618205573793185
el_config_pad0066,14,14,1669,,66.0,767,13.155432362168165,0.0,0.0010757679615796079
el_config_pad0066,15,15,1889,17.0,66.0,767,12228.875400649911,61.14437700324955,1.0
el_config_pad0066,16,16,7168,,59.0,767,17.22177692859855,0.0,0.0014082878731173669
el_config_pad0067,0,0,13142,,170.0,767,27.904136501168864,0.0,0.0026179926224136995
el_config_pad0067,1,1,9407,,190.0,767,13.154037113660559,0.0,0.0012341242710404894
el_config_pad0067,2,2,1037,,169.0,767,11.673398887768249,0.0,0.0010952093846512473
el_config_pad0067,3,3,7834,,75.0,767,13.944353704287588,0.0,0.0013082725251370116
el_config_pad0067,4,4,9406,,190.0,767,12.664956856953708,0.0,0.0011882382962577506
el_config_pad0067,5,5,13141,,170.0,767,13.95644205389524,0.0,0.001309406665592806
el_config_pad0067,6,6,9186,,190.0,767,20.028503347414212,0.0,0.0018790932304721948
el_config_pad0067,7,7,12922,,170.0,767,36.52982263574379,0.0,0.0034272626982903482
el_config_pad0067,8,8,7832,,75.0,767,44.83625585095585,0.0,0.004206580161673828
el_config_pad0067,9,9,7833,,75.0,767,16.54201921704016,0.0,0.0015519879738340125
el_config_pad0067,10,10,1036,,169.0,767,14.364066838512276,0.0,0.0013476504105227262
el_config_pad0067,11,11,1008,16.0,67.0,767,10658.60012830831,53.293000641541546,1.0
el_config_pad0068,0,0,1037,,169.0,767,17.17072948867172,0.0,0.001392233022653351
el_config_pad0068,1,1,10726,,188.0,767,14.070254422261586,0.0,0.0011408410374603298
el_config_pad0068,2,2,2576,,167.0,767,41.95479929846084,0.0,0.0034017691025094196
el_config_pad0068,3,3,13114,,68.0,767,35.81113459471741,0.0,0.0029036299357195357
el_config_pad0068,4,4,1036,,169.0,767,12.57814439392845,0.0,0.0010198581254502056
el_config_pad0068,5,5,13113,17.0,68.0,767,12333.229573844854,61.66614786922427,1.0
el_config_pad0068,6,6,6293,,77.0,767,36.65547608102689,0.0,0.002972090632186265
el_config_pad0068,7,7,6294,,77.0,767,27.793651981835062,0.0,0.0022535583089101988
el_config_pad0069,0,0,8742,,176.0,767,14.51719471890081,0.0,0.0012576445463671777
el_config_pad0069,1,1,3466,,198.0,767,13.57908808380105,0.0,0.0011763750782372215
el_config_pad0069,2,2,8522,,176.0,767,33.46041760210243,0.0,0.0028987220004471144
el_config_pad0069,3,3,5006,,196.0,767,36.36151889055382,0.0,0.003150048395424059
el_config_pad0069,4,4,8741,,176.0,767,10.909808300450333,0.0,0.0009451316991091243
el_config_pad0069,5,5,3467,,198.0,767,11.357038259680564,0.0,0.0009838758456256424
el_config_pad0069,6,6,3247,,198.0,767,15.21880813668549,0.0,0.0013184262817933835
el_config_pad0069,7,7,4786,,196.0,767,15.019922263580296,0.0,0.0013011965250460578
el_config_pad0069,8,8,8521,,176.0,767,14.436792717354896,0.0,0.0012506792103832514
el_config_pad0069,9,9,12452,18.0,69.0,767,11543.161985503031,57.71580992751515,1.0
el_config_pad0069,10,10,3246,,198.0,767,38.22951663788837,0.0,0.003311875609638029
el_config_pad0069,11,11,12453,,69.0,767,11.861214690595205,0.0,0.0010275533433119638
el_config_pad0069,12,12,5628,,61.0,767,14.781551604189906,0.0,0.0012805461469529704
el_config_pad0069,13,13,5408,,61.0,767,10.708542241607987,0.0,0.000927695743597531
el_config_pad0069,14,14,5629,,61.0,767,24.86102512281019,0.0,0.0021537448018171244
el_config_pad0069,15,15,12233,,69.0,767,22.881159389490126,0.0,0.0019822263101069186
el_config_pad0069,16,16,4787,,196.0,767,16.595949705769407,0.0,0.0014377299501308336
el_config_pad0070,0,0,3897,,165.0,156,26.585973382714464,0.0,0.0027107861616068847
el_config_pad0070,1,1,4116,,165.0,156,16.863817192271014,0.0,0.0017194857460588132
el_config_pad0070,2,2,1921,,185.0,156,17.109629167581637,0.0,0.0017445494776528023
el_config_pad0070,3,3,1922,,185.0,156,16.448300196790502,0.0,0.0016771183779340341
el_config_pad0070,4,4,1702,,185.0,156,13.941268166300441,0.0,0.0014214938184294243
el_config_pad0070,5,5,11573,19.0,70.0,156,9807.477166312145,49.03738583156072,1.0
el_config_pad0070,6,6,4118,,165.0,156,34.34688003412109,0.0,0.0035021116492730386
el_config_pad0070,7,7,11574,,70.0,156,21.765316243052645,0.0,0.002219257396572349
el_config_pad0070,8,8,11572,,70.0,156,50.2070655598696,0.0,0.005119264078669143
el_config_pad0070,9,9,2576,,167.0,156,18.947152105620486,0.0,0.0019319088675222567
el_config_pad0070,10,10,1701,,185.0,156,70.93367335306027,0.0,0.007232611623783479
el_config_pad0070,11,11,4973,,79.0,156,38.266409431377824,0.0,0.0039017587074094556
el_config_pad0070,12,12,4753,,79.0,156,42.01178473734041,0.0,0.00428364848828273
el_config_pad0071,0,0,10062,,174.0,767,41.673612073257125,0.0,0.003470763839424577
el_config_pad0071,1,1,11602,,172.0,767,12.887214657957069,0.0,0.001073304578137181
el_config_pad0071,2,2,4787,,196.0,767,37.30773401539112,0.0,0.0031071540888720807
el_config_pad0071,3,3,10693,,71.0,767,17.488348533412495,0.0,0.0014565074799449199
el_config_pad0071,4,4,10061,,174.0,767,14.410342564267198,0.0,0.001200157447304048
el_config_pad0071,5,5,10912,,71.0,767,19.440084455593258,0.0,0.001619056731756908
el_config_pad0071,6,6,4786,,196.0,767,16.930751529580892,0.0,0.001410068320448301
el_config_pad0071,7,7,5006,,196.0,767,17.586808484756723,0.0,0.001464707662788594
el_config_pad0071,8,8,3868,,63.0,767,42.53443585659396,0.0,0.0035424570743203213
el_config_pad0071,9,9,4089,,63.0,767,59.10905394840428,0.0,0.004922865017461965
el_config_pad0071,10,10,10913,17.0,71.0,767,12007.04340637773,60.03521703188865,1.0
el_config_pad0071,11,11,4088,,63.0,767,22.18832329703271,0.0,0.0018479422907097206
el_config_pad0072,0,0,3462,,183.0,767,42.86488077060505,0.0,0.003773677058409745
el_config_pad0072,1,1,3461,,183.0,767,26.05050213038144,0.0,0.0022933968433405494
el_config_pad0072,2,2,4116,,165.0,767,14.281214797630545,0.0,0.0012572691601885318
el_config_pad0072,3,3,5437,,163.0,767,40.9245283057388,0.0,0.003602855083630898
el_config_pad0072,4,4,3241,,183.0,767,11.405416255911328,0.0,0.0010040937217784456
el_config_pad0072,5,5,4118,,165.0,767,26.588888582680987,0.0,0.002340794539708217
el_config_pad0072,6,6,5657,,163.0,767,36.882715447477445,0.0,0.0032470277447137234
el_config_pad0072,7,7,5656,,163.0,767,12.939824401765105,0.0,0.0011391777512717977
el_config_pad0072,8,8,3242,,183.0,767,11.504193714919294,0.0,0.0010127897504211285
el_config_pad0072,9,9,3213,,81.0,767,105.8801573178971,0.0,0.009321325836636012
el_config_pad0072,10,10,10033,18.0,72.0,767,11358.916014045097,56.79458007022548,1.0
el_config_pad0072,11,11,3897,,165.0,767,231.3392291910945,0.0,0.020366312146779468
el_config_pad0072,12,12,3433,,81.0,767,24.399181995921683,0.0,0.0021480202834277965
el_config_pad0073,0,0,7867,,192.0,767,15.787547102219497,0.0,0.0012887376303842958
el_config_pad0073,1,1,7646,,192.0,767,15.641231886779952,0.0,0.0012767939178611378
el_config_pad0073,2,2,7866,,192.0,767,13.542651812511167,0.0,0.0011054868050731964
el_config_pad0073,3,3,11602,,172.0,767,32.281008560587026,0.0,0.002635099056834326
el_config_pad0073,4,4,3868,,63.0,767,41.10509064283151,0.0,0.003355408966876625
el_config_pad0073,5,5,9373,,73.0,767,14.874282840520449,0.0,0.001214187859421381
el_config_pad0073,6,6,9153,,73.0,767,21.72665537132813,0.0,0.0017735470987437474
el_config_pad0073,7,7,9372,,73.0,767,43.268441409678466,0.0,0.00353200331195791
el_config_pad0073,8,8,4089,,63.0,767,48.71637979255921,0.0,0.003976718577513402
el_config_pad0073,9,9,2549,,65.0,767,17.273522576531604,0.0,0.0014100378234525998
el_config_pad0073,10,10,2548,,65.0,767,33.63285888252157,0.0,0.0027454506123510943
el_config_pad0073,11,11,4088,,63.0,767,18.39205058634156,0.0,0.0015013432762596601
el_config_pad0073,12,12,9374,17.0,73.0,767,12250.396612933324,61.25198306466662,1.0
el_config_pad0074,0,0,5437,,163.0,767,32.86810289537001,0.0,0.0028919579607550113
el_config_pad0074,1,1,5002,,181.0,767,13.252491850423123,0.0,0.001166043851958089
el_config_pad0074,2,2,5656,,163.0,767,43.62499183843299,0.0,0.0038384217926006477
el_config_pad0074,3,3,4781,,181.0,767,32.023520352446056,0.0,0.00281764587720401
el_config_pad0074,4,4,7197,,161.0,767,14.508333071381637,0.0,0.0012765412551077812
el_config_pad0074,5,5,4782,,181.0,767,13.456151907457876,0.0,0.0011839632410114936
el_config_pad0074,6,6,6977,,161.0,767,16.094907907495465,0.0,0.001416138838279498
el_config_pad0074,7,7,5657,,163.0,767,37.41405939643623,0.0,0.0032919419554003604
el_config_pad0074,8,8,8493,18.0,74.0,767,11365.346018649954,56.826730093249765,1.0
el_config_pad0074,9,9,7196,,161.0,767,18.986920200404455,0.0,0.0016705976368205496
el_config_pad0074,10,10,1894,,83.0,767,42.37536164095537,0.0,0.003728470877298373
el_config_pad0074,11,11,1893,,83.0,767,46.26558644112107,0.0,0.004070759162563251
el_config_pad0074,12,12,1673,,83.0,767,11.54342778320474,0.0,0.0010156688379097797
el_config_pad0074,13,13,1892,,83.0,767,52.48159788591518,0.0,0.004617685884776015
el_config_pad0075,0,0,13142,,170.0,767,20.76731717164743,0.0,0.0020707343970529533
el_config_pad0075,1,1,9407,,190.0,767,13.198858667751194,0.0,0.0013160742150395335
el_config_pad0075,2,2,7867,,192.0,767,15.171559845271975,0.0,0.0015127746433922196
el_config_pad0075,3,3,7834,,75.0,767,15.060166560048877,0.0,0.0015016674837429647
el_config_pad0075,4,4,9406,,190.0,767,15.172497917030524,0.0,0.0015128681796656475
el_config_pad0075,5,5,12922,,170.0,767,15.738171585359936,0.0,0.0015692721875996158
el_config_pad0075,6,6,7866,,192.0,767,12.517780628963585,0.0,0.001248163097279926
el_config_pad0075,7,7,9186,,190.0,767,17.407679152669726,0.0,0.0017357408131420807
el_config_pad0075,8,8,7646,,192.0,767,14.920852387083068,0.0,0.0014877762984939072
el_config_pad0075,9,9,13141,,170.0,767,39.342318248146306,0.0,0.003922870295806147
el_config_pad0075,10,10,7832,18.0,75.0,767,10028.962285652497,50.14481142826248,1.0
el_config_pad0075,11,11,7833,,75.0,767,19.572945104035337,0.0,0.0019516421087789441
el_config_pad0075,12,12,1008,,67.0,767,13.86642171543948,0.0,0.0013826377366357116
el_config_pad0076,0,0,7173,,76.0,767,34.348202634260886,0.0,0.00279073694179063
el_config_pad0076,1,1,6321,,179.0,767,10.367768672613597,0.0,0.0008423647474858615
el_config_pad0076,2,2,12457,,86.0,767,14.606549346726384,0.0,0.0011867589488754706
el_config_pad0076,3,3,6542,,179.0,767,28.33663655371116,0.0,0.0023023067401395088
el_config_pad0076,4,4,6322,,179.0,767,16.90604697895556,0.0,0.001373589481411722
el_config_pad0076,5,5,12238,,86.0,767,36.651895801513376,0.0,0.0029779083548877898
el_config_pad0076,6,6,6953,17.0,76.0,767,12307.932761380916,61.53966380690458,1.0
el_config_pad0076,7,7,12237,,86.0,767,13.230986176539833,0.0,0.0010749966247829382
el_config_pad0076,8,8,12458,,86.0,767,54.61852717235888,0.0,0.004437668634633557
el_config_pad0077,0,0,9407,,190.0,156,15.722186516519974,0.0,0.0017052642954291455
el_config_pad0077,1,1,1037,,169.0,156,11.620812227695772,0.0,0.0012604198630358397
el_config_pad0077,2,2,6293,19.0,77.0,156,9219.794584723502,46.09897292361751,1.0
el_config_pad0077,3,3,10726,,188.0,156,15.229069406924534,0.0,0.001651779686302116
el_config_pad0077,4,4,9406,,190.0,156,13.159266508003938,0.0,0.0014272841316668638
el_config_pad0077,5,5,9186,,190.0,156,16.45351059227682,0.0,0.0017845853767218453
el_config_pad0077,6,6,13114,,68.0,156,42.09858419529701,0.0,0.004566108692383576
el_config_pad0077,7,7,1036,,169.0,156,16.224518932211577,0.0,0.0017597484177244436
el_config_pad0077,8,8,13113,,68.0,156,50.98042064031455,0.0,0.005529452979872808
el_config_pad0077,9,9,6294,,77.0,156,39.114847407297894,0.0,0.004242485778599473
el_config_pad0078,0,0,8081,,177.0,767,15.498382666813763,0.0,0.0013557775882342806
el_config_pad0078,1,1,10056,,157.0,767,15.063121562899223,0.0,0.0013177015345966939
el_config_pad0078,2,2,8737,,159.0,767,26.21097469129853,0.0,0.0022929006733284005
el_config_pad0078,3,3,10057,,157.0,767,39.64548806645283,0.0,0.003468133762770013
el_config_pad0078,4,4,10277,,157.0,767,11.143220390386945,0.0,0.0009747938730659691
el_config_pad0078,5,5,8517,,159.0,767,15.769737359609753,0.0,0.001379515330349964
el_config_pad0078,6,6,7862,,177.0,767,16.724412511127188,0.0,0.0014630290235073157
el_config_pad0078,7,7,8736,,159.0,767,17.44509880232165,0.0,0.0015260736871186582
el_config_pad0078,8,8,5633,18.0,78.0,767,11431.360719716822,57.156803598584105,1.0
el_config_pad0078,9,9,7861,,177.0,767,39.689290745008165,0.0,0.0034719655619432984
el_config_pad0078,10,10,5413,,78.0,767,43.656638555427726,0.0,0.00381902379129098
el_config_pad0078,11,11,10917,,88.0,767,13.251972619862702,0.0,0.001159264670653397
el_config_pad0078,12,12,5632,,78.0,767,32.72933753681829,0.0,0.0028631182533122848
el_config_pad0078,13,13,5634,,78.0,767,15.46307852682685,0.0,0.0013526892297393886
el_config_pad0079,0,0,1921,,185.0,767,39.74789633138063,0.0,0.003567245476374041
el_config_pad0079,1,1,1922,,185.0,767,12.505460942776194,0.0,0.0011223247793084176
el_config_pad0079,2,2,1702,,185.0,767,12.041523329872708,0.0,0.0010806878751273242
el_config_pad0079,3,3,11573,,70.0,767,14.881994854655906,0.0,0.0013356110316404522
el_config_pad0079,4,4,11574,,70.0,767,12.252390950788671,0.0,0.0010996125638845593
el_config_pad0079,5,5,11572,,70.0,767,43.62664004526601,0.0,0.003915350212584901
el_config_pad0079,6,6,2576,,167.0,767,13.572470914329104,0.0,0.0012180854822783276
el_config_pad0079,7,7,1701,,185.0,767,59.342055374339125,0.0,0.00532575804334388
el_config_pad0079,8,8,10726,,188.0,767,13.789743044608825,0.0,0.0012375849550911964
el_config_pad0079,9,9,4973,18.0,79.0,767,11142.461766265309,55.71230883132654,1.0
el_config_pad0079,10,10,4753,,79.0,767,48.322414166305585,0.0,0.00433678079224876
el_config_pad0080,0,0,10056,,157.0,767,12.373589032955572,0.0,0.0010940076913921366
el_config_pad0080,1,1,9402,,175.0,767,45.71700631341246,0.0,0.0040420573530515515
el_config_pad0080,2,2,10057,,157.0,767,35.038214734405685,0.0,0.003097894742584081
el_config_pad0080,3,3,10277,,157.0,767,11.045493885984259,0.0,0.000976584500609136
el_config_pad0080,4,4,7838,,92.0,767,12.925416201081061,0.0,0.0011427973485110643
el_config_pad0080,5,5,9401,,175.0,767,13.708392022224258,0.0,0.001212023954326348
el_config_pad0080,6,6,9182,,175.0,767,16.277525944545726,0.0,0.0014391732691896668
el_config_pad0080,7,7,9377,,90.0,767,13.036456232931902,0.0,0.0011526149243634468
el_config_pad0080,8,8,4093,,80.0,767,18.48386741906753,0.0,0.0016342463831047623
el_config_pad0080,9,9,9378,,90.0,767,44.199292568728744,0.0,0.003907869082728907
el_config_pad0080,10,10,3873,18.0,80.0,767,11310.330933057743,56.55165466528871,1.0
el_config_pad0080,11,11,4092,,80.0,767,15.240130543327101,0.0,0.0013474522216483844
el_config_pad0080,12,12,7837,,92.0,767,50.42843170459441,0.0,0.004458616817055511
el_config_pad0080,13,13,7618,,92.0,767,33.780162743176085,0.0,0.0029866643993982263
el_config_pad0080,14,14,4094,,80.0,767,19.33590969494031,0.0,0.001709579481748449
el_config_pad0081,0,0,3462,,183.0,767,46.98960435168923,0.0,0.004081752252049661
el_config_pad0081,1,1,3461,,183.0,767,27.576961112093468,0.0,0.0023954728854814655
el_config_pad0081,2,2,4116,,165.0,767,11.701831050769593,0.0,0.0010164796214732624
el_config_pad0081,3,3,1921,,185.0,767,14.310461215217835,0.0,0.0012430782956993525
el_config_pad0081,4,4,1922,,185.0,767,13.833237824959669,0.0,0.0012016242831620662
el_config_pad0081,5,5,1702,,185.0,767,14.787525752667392,0.0,0.0012845185094865058
el_config_pad0081,6,6,3241,,183.0,767,14.507857131128493,0.0,0.0012602250930693279
el_config_pad0081,7,7,4118,,165.0,767,22.968455912675815,0.0,0.0019951550548498623
el_config_pad0081,8,8,1701,,185.0,767,52.32247991562384,0.0,0.004544992518557845
el_config_pad0081,9,9,3242,,183.0,767,13.798223730794716,0.0,0.0011985827836712083
el_config_pad0081,10,10,3213,,81.0,767,20.495492377324023,0.0,0.0017803410631398854
el_config_pad0081,11,11,10033,,72.0,767,27.11381462906543,0.0,0.002355241663571622
el_config_pad0081,12,12,3897,,165.0,767,37.08234745499119,0.0,0.003221158324782894
el_config_pad0081,13,13,3433,18.0,81.0,767,11512.115741001502,57.56057870500751,1.0
el_config_pad0082,0,0,10721,,173.0,767,16.59023933874096,0.0,0.0014475058716928153
el_config_pad0082,1,1,10942,,173.0,767,11.65876482689232,0.0,0.0010172324943018595
el_config_pad0082,2,2,10722,,173.0,767,10.43207510686385,0.0,0.0009102032624607005
el_config_pad0082,3,3,9402,,175.0,767,41.83254157449481,0.0,0.0036499081369799225
el_config_pad0082,4,4,13137,,153.0,767,14.48972504150608,0.0,0.0012642350510168223
el_config_pad0082,5,5,7838,,92.0,767,12.844486692352572,0.0,0.001120687262337685
el_config_pad0082,6,6,9401,,175.0,767,13.824319132338733,0.0,0.0012061780850555388
el_config_pad0082,7,7,9182,,175.0,767,20.637468190238508,0.0,0.0018006284160401388
el_config_pad0082,8,8,2554,18.0,82.0,767,11461.25875077741,57.30629375388705,1.0
el_config_pad0082,9,9,13136,,153.0,767,11.546708670286879,0.0,0.0010074555440521464
el_config_pad0082,10,10,12917,,153.0,767,13.848434037464012,0.0,0.0012082821214139923
el_config_pad0082,11,11,10941,,173.0,767,45.70984742067647,0.0,0.00398820482240452
el_config_pad0082,12,12,2553,,82.0,767,20.78485005812789,0.0,0.001813487550546581
el_config_pad0082,13,13,7837,,92.0,767,41.23313098279296,0.0,0.003597609292259992
el_config_pad0082,14,14,7618,,92.0,767,30.364431306263754,0.0,0.0026493103389890883
el_config_pad0083,0,0,5437,,163.0,767,39.2152134449583,0.0,0.0034267510940355745
el_config_pad0083,1,1,3462,,183.0,767,45.91201752169999,0.0,0.004011939307500898
el_config_pad0083,2,2,3461,,183.0,767,30.44698808124092,0.0,0.002660555446521333
el_config_pad0083,3,3,5002,,181.0,767,10.893051427441314,0.0,0.0009518697621973377
el_config_pad0083,4,4,5656,,163.0,767,49.957872226604486,0.0,0.0043654790646107215
el_config_pad0083,5,5,4781,,181.0,767,35.00982777448007,0.0,0.003059271009619369
el_config_pad0083,6,6,4782,,181.0,767,10.947030023081998,0.0,0.0009565865849662828
el_config_pad0083,7,7,3241,,183.0,767,11.392165329363676,0.0,0.0009954839353513718
el_config_pad0083,8,8,5657,,163.0,767,35.420806789680654,0.0,0.0030951836737679638
el_config_pad0083,9,9,8493,,74.0,767,50.91360991807662,0.0,0.004448994488655525
el_config_pad0083,10,10,3242,,183.0,767,14.2527948428104,0.0,0.0012454549148181251
el_config_pad0083,11,11,1894,18.0,83.0,767,11443.846479895861,57.2192323994793,1.0
el_config_pad0083,12,12,1893,,83.0,767,46.28683705328534,0.0,0.004044692240026148
el_config_pad0083,13,13,1892,,83.0,767,13.718572904119226,0.0,0.0011987728888376405
el_config_pad0083,14,14,1673,,83.0,767,12.446499896428882,0.0,0.0010876150705354574
el_config_pad0084,0,0,12481,,171.0,767,12.395923278665835,0.0,0.0010852261801644542
el_config_pad0084,1,1,12262,,171.0,767,16.755257840976373,0.0,0.001466872943278684
el_config_pad0084,2,2,12482,,171.0,767,12.38559405921011,0.0,0.0010843218877513742
el_config_pad0084,3,3,1033,,152.0,767,15.308466126773308,0.0,0.0013402106358247157
el_config_pad0084,4,4,13136,,153.0,767,13.175859235788092,0.0,0.0011535072513273754
el_config_pad0084,5,5,12261,,171.0,767,35.746068930480554,0.0,0.003129461918184436
el_config_pad0084,6,6,12917,,153.0,767,15.20068727130294,0.0,0.001330774917887843
el_config_pad0084,7,7,6297,,94.0,767,32.296862919719985,0.0,0.002827494200289618
el_config_pad0084,8,8,13137,,153.0,767,36.950590850516264,0.0,0.0032349142264005122
el_config_pad0084,9,9,1013,18.0,84.0,767,11422.432950140743,57.11216475070371,1.0
el_config_pad0084,10,10,6298,,94.0,767,13.523151016056401,0.0,0.0011839116127960964
el_config_pad0084,11,11,1032,,152.0,767,13.614285637293415,0.0,0.0011918901775760185
el_config_pad0085,0,0,1033,,152.0,767,16.50394617406175,0.0,0.0015422735660972039
el_config_pad0085,1,1,1917,,168.0,767,14.469065290976848,0.0,0.0013521164386417885
el_config_pad0085,2,2,13118,,85.0,767,15.784989543822737,0.0,0.0014750879491366598
el_config_pad0085,3,3,13117,18.0,85.0,767,10701.049759820344,53.50524879910172,1.0
el_config_pad0085,4,4,4758,,96.0,767,37.22796699564959,0.0,0.003478907941857341
el_config_pad0085,5,5,2572,,150.0,767,13.067427285304603,0.0,0.0012211350828747092
el_config_pad0085,6,6,4757,,96.0,767,28.2535308925725,0.0,0.002640257874386974
el_config_pad0085,7,7,1697,,168.0,767,21.759953118678887,0.0,0.0020334409807514255
el_config_pad0085,8,8,4978,,96.0,767,45.30883140473667,0.0,0.004234054828420623
el_config_pad0085,9,9,1916,,168.0,767,60.70579227064431,0.0,0.005672881972624663
el_config_pad0085,10,10,1032,,152.0,767,15.166532222909787,0.0,0.0014172938696029773
el_config_pad0085,11,11,2573,,150.0,767,16.054987475848915,0.0,0.0015003189253573247
